"","species","covariate","mean_effect","ci_lower","ci_upper"
"2.5%","Scincella doriae","annual_precipitation",1.50655829755123,0.58238273072226,2.53220965505632
"2.5%1","Scincella doriae","mean_temperature",-0.148749839481034,-1.03703376358393,0.739418667380324
"2.5%2","Scincella doriae","Percent_of_forest_cover_1km",0.76004664631308,-0.000110788609749959,1.61282593692421
"2.5%3","Scincella doriae","Human_modification_1km",0.890377306805411,0.125596779694719,1.7552216074996
"2.5%4","Scincella doriae","Patch_density_1km",-0.839132283378436,-1.69010512558676,-0.0865727425467579
"2.5%5","Scincella doriae","Edge_density_1km",0.510591393925181,-0.0380366029818222,1.14504454719378
"2.5%6","Scincella doriae","streamOriginoutsideGLGS",-1.95562830269118,-3.4004668215932,-0.689285883928826
"2.5%7","Scincella doriae","riverdy",-1.96001507120308,-5.12856298518676,1.12823314801727
"2.5%8","Scincella doriae","riverlc",-0.833101830244684,-3.03839531292537,1.28825583165205
"2.5%9","Scincella doriae","rivernu",-6.92562477253257,-10.6777480334957,-3.24351097133134
"2.5%10","Scincella doriae","Regional_DivisionNorthwest",-9.11073462626777,-14.2495251018826,-4.0835207531566
"2.5%11","Scincella doriae","Regional_DivisionSouthwest",-6.25241564497537,-9.715493290004,-2.7868441858157
"2.5%12","Glyphoglossus yunnanensis","annual_precipitation",0.871644752181785,0.337387536724772,1.4725921191264
"2.5%13","Glyphoglossus yunnanensis","mean_temperature",-0.0554065280275398,-0.692544486121475,0.57037512452599
"2.5%14","Glyphoglossus yunnanensis","Percent_of_forest_cover_1km",0.428669830718882,-0.0541002416014,0.959888740213625
"2.5%15","Glyphoglossus yunnanensis","Human_modification_1km",0.526152787601328,0.024716632231975,1.08356755543844
"2.5%16","Glyphoglossus yunnanensis","Patch_density_1km",-0.453495141909476,-0.972764327540139,0.0244423578070425
"2.5%17","Glyphoglossus yunnanensis","Edge_density_1km",0.268151229095977,-0.0892154436730418,0.652092228493675
"2.5%18","Glyphoglossus yunnanensis","streamOriginoutsideGLGS",-1.10240354995198,-2.00571992903085,-0.280311644470526
"2.5%19","Glyphoglossus yunnanensis","riverdy",-0.911213652305411,-3.11430039722848,1.24698842384206
"2.5%20","Glyphoglossus yunnanensis","riverlc",-0.732630229427236,-2.21725919334965,0.705177947256
"2.5%21","Glyphoglossus yunnanensis","rivernu",-4.05819786981291,-6.17687258285212,-1.99793175702639
"2.5%22","Glyphoglossus yunnanensis","Regional_DivisionNorthwest",-5.31485003746468,-8.39093389650015,-2.31985559325808
"2.5%23","Glyphoglossus yunnanensis","Regional_DivisionSouthwest",-3.6985655836167,-5.756616656655,-1.62138385134253
"2.5%24","Brachytarsophrys feae","annual_precipitation",0.968039958947787,0.467603470898783,1.50973172336895
"2.5%25","Brachytarsophrys feae","mean_temperature",0.192824807471295,-0.36359090780822,0.74517720276383
"2.5%26","Brachytarsophrys feae","Percent_of_forest_cover_1km",0.439514719319471,-0.0387041277851999,0.949517436806725
"2.5%27","Brachytarsophrys feae","Human_modification_1km",0.584805612943231,0.09733637248936,1.12292384398247
"2.5%28","Brachytarsophrys feae","Patch_density_1km",-0.349331749466369,-0.84420732098543,0.1355802316487
"2.5%29","Brachytarsophrys feae","Edge_density_1km",0.155450588870754,-0.242564938815805,0.54788346636899
"2.5%30","Brachytarsophrys feae","streamOriginoutsideGLGS",-0.951304873324996,-1.747030399088,-0.2267266114576
"2.5%31","Brachytarsophrys feae","riverdy",-0.00881995946466921,-1.96477789404882,1.88558740025715
"2.5%32","Brachytarsophrys feae","riverlc",-2.2191423493524,-3.50277713961005,-1.03870384535985
"2.5%33","Brachytarsophrys feae","rivernu",-4.59558133155467,-6.36191487018375,-2.91498475962373
"2.5%34","Brachytarsophrys feae","Regional_DivisionNorthwest",-5.76009140985174,-8.39561903478432,-3.304122508342
"2.5%35","Brachytarsophrys feae","Regional_DivisionSouthwest",-4.29587331079299,-6.07638720135335,-2.57160920507475
"2.5%36","Boulenophrys lushuiensis","annual_precipitation",0.445960848650169,0.0822162365079,0.804180626393375
"2.5%37","Boulenophrys lushuiensis","mean_temperature",-0.405362089718149,-0.89988527481396,0.0808724494778498
"2.5%38","Boulenophrys lushuiensis","Percent_of_forest_cover_1km",0.00606710313481595,-0.3672272836907,0.355534114257274
"2.5%39","Boulenophrys lushuiensis","Human_modification_1km",0.717018811544073,0.3404823535784,1.14983101244567
"2.5%40","Boulenophrys lushuiensis","Patch_density_1km",-0.0232390792865201,-0.37610254696768,0.355839590260168
"2.5%41","Boulenophrys lushuiensis","Edge_density_1km",-0.00348207192403598,-0.327478782697275,0.28042548868981
"2.5%42","Boulenophrys lushuiensis","streamOriginoutsideGLGS",-1.15007835086451,-1.7919854016901,-0.567544753221875
"2.5%43","Boulenophrys lushuiensis","riverdy",1.36870111030791,-0.1404072144857,2.89613615137985
"2.5%44","Boulenophrys lushuiensis","riverlc",-0.922225682575913,-2.12259818075615,0.223593138819921
"2.5%45","Boulenophrys lushuiensis","rivernu",-3.38361618389979,-4.49050175050441,-2.32962392242788
"2.5%46","Boulenophrys lushuiensis","Regional_DivisionNorthwest",-5.15790844697808,-6.96860246073066,-3.40068327311963
"2.5%47","Boulenophrys lushuiensis","Regional_DivisionSouthwest",-3.69689821050467,-4.89343194449125,-2.50969167668465
"2.5%48","Nanorana yunnanensis","annual_precipitation",0.106255715638435,-0.250491597495025,0.440822095695901
"2.5%49","Nanorana yunnanensis","mean_temperature",-0.540837988896553,-1.02162048684911,-0.110969479427895
"2.5%50","Nanorana yunnanensis","Percent_of_forest_cover_1km",-0.277872521799733,-0.658117780316685,0.050885803331725
"2.5%51","Nanorana yunnanensis","Human_modification_1km",0.746428710892454,0.375574851282853,1.17745307406822
"2.5%52","Nanorana yunnanensis","Patch_density_1km",0.289188898784951,-0.06226449560575,0.70394397507324
"2.5%53","Nanorana yunnanensis","Edge_density_1km",-0.206296710004271,-0.56796836376116,0.0954714217844249
"2.5%54","Nanorana yunnanensis","streamOriginoutsideGLGS",-0.982897389194587,-1.58292616886755,-0.447796617344725
"2.5%55","Nanorana yunnanensis","riverdy",2.85289445792536,1.42985475883898,4.3341720330874
"2.5%56","Nanorana yunnanensis","riverlc",-1.1565429223058,-2.25303122307617,-0.129598424270175
"2.5%57","Nanorana yunnanensis","rivernu",-2.50566891626443,-3.44163565263475,-1.60625813515538
"2.5%58","Nanorana yunnanensis","Regional_DivisionNorthwest",-4.3413041049274,-6.06583574859252,-2.76940880372755
"2.5%59","Nanorana yunnanensis","Regional_DivisionSouthwest",-3.23485705526249,-4.32229225287103,-2.1886229223214
"2.5%60","Hyla annectans","annual_precipitation",0.605494771073782,0.180072842694766,1.04189484356131
"2.5%61","Hyla annectans","mean_temperature",-0.349594207357085,-0.936008482167323,0.2118696596795
"2.5%62","Hyla annectans","Percent_of_forest_cover_1km",0.132384835076319,-0.299367874154941,0.553066595536375
"2.5%63","Hyla annectans","Human_modification_1km",0.717416148541613,0.289342614587513,1.21820389906588
"2.5%64","Hyla annectans","Patch_density_1km",-0.15952034987385,-0.576517688400412,0.263861405888663
"2.5%65","Hyla annectans","Edge_density_1km",0.0843348921018657,-0.25835070856756,0.406651687399442
"2.5%66","Hyla annectans","streamOriginoutsideGLGS",-1.23992638295931,-2.00663458461125,-0.55510641926435
"2.5%67","Hyla annectans","riverdy",0.74803610055744,-1.05461066412274,2.53678074205297
"2.5%68","Hyla annectans","riverlc",-0.856605738754901,-2.2480293157828,0.512548381655525
"2.5%69","Hyla annectans","rivernu",-3.83911101956118,-5.28082332002875,-2.44241086220898
"2.5%70","Hyla annectans","Regional_DivisionNorthwest",-5.61188613992405,-7.97513665929402,-3.40693181462774
"2.5%71","Hyla annectans","Regional_DivisionSouthwest",-3.97509040842852,-5.52469229136768,-2.4695913186411
"2.5%72","Zhangixalus dugritei","annual_precipitation",1.08201421183205,0.45645549437965,1.77317452853062
"2.5%73","Zhangixalus dugritei","mean_temperature",-0.326612017495241,-1.09525257530622,0.422957185925375
"2.5%74","Zhangixalus dugritei","Percent_of_forest_cover_1km",0.464735333303927,-0.124791602986302,1.07775121201797
"2.5%75","Zhangixalus dugritei","Human_modification_1km",0.82552248701999,0.208097386496613,1.51228067887049
"2.5%76","Zhangixalus dugritei","Patch_density_1km",-0.550638043241653,-1.15473916683292,0.0246261946182999
"2.5%77","Zhangixalus dugritei","Edge_density_1km",0.342275891127328,-0.10899710401957,0.813086650665085
"2.5%78","Zhangixalus dugritei","streamOriginoutsideGLGS",-1.71649772066011,-2.77391768350748,-0.741021739271025
"2.5%79","Zhangixalus dugritei","riverdy",-0.881721494741362,-3.40716047578405,1.68953049971015
"2.5%80","Zhangixalus dugritei","riverlc",-0.48180951435126,-2.31656068046043,1.27177577970327
"2.5%81","Zhangixalus dugritei","rivernu",-5.49331993440668,-7.80636443553638,-3.20027165721731
"2.5%82","Zhangixalus dugritei","Regional_DivisionNorthwest",-7.59010654345395,-11.0292866171572,-4.20860871886989
"2.5%83","Zhangixalus dugritei","Regional_DivisionSouthwest",-5.19353097750721,-7.5740752230739,-2.80841681380935
"2.5%84","Polypedates braueri","annual_precipitation",1.51794309311066,0.641837772391208,2.49635160831303
"2.5%85","Polypedates braueri","mean_temperature",-0.0538549619427106,-0.9355495194354,0.818075191120125
"2.5%86","Polypedates braueri","Percent_of_forest_cover_1km",0.790806713413246,0.06103475405216,1.60314807570122
"2.5%87","Polypedates braueri","Human_modification_1km",0.830739125493243,0.101578900851537,1.66511713521483
"2.5%88","Polypedates braueri","Patch_density_1km",-0.848736271780131,-1.67479385823221,-0.122608710257753
"2.5%89","Polypedates braueri","Edge_density_1km",0.51281166724287,-0.0317279679603949,1.13793527715972
"2.5%90","Polypedates braueri","streamOriginoutsideGLGS",-1.84124518722985,-3.28151208353393,-0.638080703646
"2.5%91","Polypedates braueri","riverdy",-2.08112072326785,-5.0906982741135,0.927707722153025
"2.5%92","Polypedates braueri","riverlc",-0.990183761346796,-3.1567062700828,1.0943924106417
"2.5%93","Polypedates braueri","rivernu",-6.79450418498614,-10.2537055469045,-3.43239243977165
"2.5%94","Polypedates braueri","Regional_DivisionNorthwest",-8.79280821225198,-13.7342819223496,-4.14758708826305
"2.5%95","Polypedates braueri","Regional_DivisionSouthwest",-6.05990683984328,-9.38384202424005,-2.84329892480195
"2.5%96","Bufo gargarizans","annual_precipitation",0.00646952980366635,-0.4049780151607,0.397292145847034
"2.5%97","Bufo gargarizans","mean_temperature",-1.10933251118987,-1.63728757736876,-0.650693320529163
"2.5%98","Bufo gargarizans","Percent_of_forest_cover_1km",-0.240588930318896,-0.6406941621683,0.12317466245823
"2.5%99","Bufo gargarizans","Human_modification_1km",0.683556447297612,0.30240129866308,1.114566326826
"2.5%100","Bufo gargarizans","Patch_density_1km",-0.0120614563866376,-0.373986492649525,0.36322210236245
"2.5%101","Bufo gargarizans","Edge_density_1km",0.0898593988569826,-0.250954402205275,0.452623458253555
"2.5%102","Bufo gargarizans","streamOriginoutsideGLGS",-1.47297235141521,-2.1166502981175,-0.9154435418409
"2.5%103","Bufo gargarizans","riverdy",0.634361200774959,-0.501493454467425,1.78734605335395
"2.5%104","Bufo gargarizans","riverlc",2.14921836513817,1.05129383916725,3.41447066694175
"2.5%105","Bufo gargarizans","rivernu",-1.82092055415883,-2.735568529142,-0.939633597134105
"2.5%106","Bufo gargarizans","Regional_DivisionNorthwest",-4.03553264516361,-5.57527340352025,-2.610258201126
"2.5%107","Bufo gargarizans","Regional_DivisionSouthwest",-2.36306389265836,-3.2917111407525,-1.4735168756195
"2.5%108","Amolops afghanus","annual_precipitation",1.13780336999101,0.684243487375,1.63871109696949
"2.5%109","Amolops afghanus","mean_temperature",0.930532541940557,0.421885693254252,1.47289489603178
"2.5%110","Amolops afghanus","Percent_of_forest_cover_1km",0.772825797062146,0.32220281580065,1.24611675067863
"2.5%111","Amolops afghanus","Human_modification_1km",0.0849690450777704,-0.399215570215525,0.566169352634025
"2.5%112","Amolops afghanus","Patch_density_1km",-0.572928018085433,-1.02121860472132,-0.1383154397542
"2.5%113","Amolops afghanus","Edge_density_1km",0.262583100432932,-0.137794388375645,0.663186842672027
"2.5%114","Amolops afghanus","streamOriginoutsideGLGS",-0.121821974500418,-0.815959901857575,0.582891482805824
"2.5%115","Amolops afghanus","riverdy",-1.69503116768941,-3.1165850557254,-0.245976402473501
"2.5%116","Amolops afghanus","riverlc",-2.9614493919869,-4.24072922113145,-1.82508257801491
"2.5%117","Amolops afghanus","rivernu",-3.71245854817016,-5.03317919190381,-2.44519461586823
"2.5%118","Amolops afghanus","Regional_DivisionNorthwest",-3.38412847727376,-5.32649037268638,-1.45438622140675
"2.5%119","Amolops afghanus","Regional_DivisionSouthwest",-2.76785347063082,-4.02201786938875,-1.51234767914475
"2.5%120","Nanorana aenea","annual_precipitation",0.520763808262319,0.111698473610775,0.937276388151576
"2.5%121","Nanorana aenea","mean_temperature",-0.294827835938545,-0.823979519770098,0.20598696574085
"2.5%122","Nanorana aenea","Percent_of_forest_cover_1km",0.0377351700602634,-0.385446195093985,0.439638706506225
"2.5%123","Nanorana aenea","Human_modification_1km",0.741787626632749,0.32520339168305,1.22640928917445
"2.5%124","Nanorana aenea","Patch_density_1km",-0.0117090691120104,-0.416559461298505,0.42195273722452
"2.5%125","Nanorana aenea","Edge_density_1km",-0.0299792241258489,-0.40528077117396,0.298442769739818
"2.5%126","Nanorana aenea","streamOriginoutsideGLGS",-1.11276643690564,-1.8163059027935,-0.494616306862425
"2.5%127","Nanorana aenea","riverdy",1.59886152859811,-0.0941876633572002,3.28324107168724
"2.5%128","Nanorana aenea","riverlc",-1.50591294224145,-2.72011626099545,-0.385643445429074
"2.5%129","Nanorana aenea","rivernu",-3.7101649174845,-5.0129980841095,-2.45049601335588
"2.5%130","Nanorana aenea","Regional_DivisionNorthwest",-5.45161387578412,-7.57839005575185,-3.4667622974714
"2.5%131","Nanorana aenea","Regional_DivisionSouthwest",-4.00794906234245,-5.435439203564,-2.6643277634821
"2.5%132","Megophrys gigantica","annual_precipitation",1.49411248575079,0.5289484577909,2.56052126192497
"2.5%133","Megophrys gigantica","mean_temperature",-0.0952669805250648,-1.02108125116459,0.826731393849875
"2.5%134","Megophrys gigantica","Percent_of_forest_cover_1km",0.774143452934973,0.01287957895365,1.648451508714
"2.5%135","Megophrys gigantica","Human_modification_1km",0.834558936934266,0.0659053986604249,1.7314535722711
"2.5%136","Megophrys gigantica","Patch_density_1km",-0.846575910621798,-1.73645780961627,-0.0828079473431002
"2.5%137","Megophrys gigantica","Edge_density_1km",0.515853704576905,-0.0321929309280625,1.1638400210185
"2.5%138","Megophrys gigantica","streamOriginoutsideGLGS",-1.86323908667088,-3.34298249250385,-0.551496329367356
"2.5%139","Megophrys gigantica","riverdy",-2.09174084714323,-5.31175031962301,1.09761599560274
"2.5%140","Megophrys gigantica","riverlc",-0.83125204736518,-3.07766495173235,1.3104412425906
"2.5%141","Megophrys gigantica","rivernu",-6.72564705055549,-10.6285426652314,-2.9301745632031
"2.5%142","Megophrys gigantica","Regional_DivisionNorthwest",-8.76582546213032,-14.1663879875252,-3.58117759997615
"2.5%143","Megophrys gigantica","Regional_DivisionSouthwest",-6.01283335954072,-9.59621608278127,-2.3983344623124
"2.5%144","Oreolalax rugosus","annual_precipitation",0.821824013412399,0.34690488440725,1.3285476974712
"2.5%145","Oreolalax rugosus","mean_temperature",-0.432912558041736,-0.964685687614625,0.0732268376590497
"2.5%146","Oreolalax rugosus","Percent_of_forest_cover_1km",0.434890382756502,0.013746607368425,0.89168861181114
"2.5%147","Oreolalax rugosus","Human_modification_1km",0.539080100535707,0.105750542079925,1.0097072235378
"2.5%148","Oreolalax rugosus","Patch_density_1km",-0.620184840230346,-1.06541880055774,-0.211075017415717
"2.5%149","Oreolalax rugosus","Edge_density_1km",0.434999962637968,0.092454571970975,0.811970286063375
"2.5%150","Oreolalax rugosus","streamOriginoutsideGLGS",-1.46717341528643,-2.21561524786425,-0.7926063394365
"2.5%151","Oreolalax rugosus","riverdy",-2.07869121766455,-3.56986125369706,-0.686539652917401
"2.5%152","Oreolalax rugosus","riverlc",1.18763658405267,-0.027622171347425,2.46993513180128
"2.5%153","Oreolalax rugosus","rivernu",-3.82739890510846,-5.41509536601565,-2.30780879010172
"2.5%154","Oreolalax rugosus","Regional_DivisionNorthwest",-5.43869162752512,-7.7191596258569,-3.28578769806
"2.5%155","Oreolalax rugosus","Regional_DivisionSouthwest",-3.39951369249575,-4.890701755537,-1.951929959196
"2.5%156","Kurixalus verrucosus","annual_precipitation",1.25914353030098,0.548834952984363,2.05407332676831
"2.5%157","Kurixalus verrucosus","mean_temperature",0.131235750757268,-0.570958701355695,0.840879758389775
"2.5%158","Kurixalus verrucosus","Percent_of_forest_cover_1km",0.641178313826307,0.05024404891255,1.29745954610557
"2.5%159","Kurixalus verrucosus","Human_modification_1km",0.669442209693919,0.0518457933548575,1.36612336091852
"2.5%160","Kurixalus verrucosus","Patch_density_1km",-0.616651696764872,-1.29418439683623,-0.0168124250628575
"2.5%161","Kurixalus verrucosus","Edge_density_1km",0.342241023541513,-0.109161344540523,0.8443402038806
"2.5%162","Kurixalus verrucosus","streamOriginoutsideGLGS",-1.33077255787607,-2.44865421301665,-0.32108666589985
"2.5%163","Kurixalus verrucosus","riverdy",-1.16605403573316,-3.65300377556663,1.24064311221985
"2.5%164","Kurixalus verrucosus","riverlc",-1.68240397551669,-3.3692582580055,-0.1166084318151
"2.5%165","Kurixalus verrucosus","rivernu",-5.64049582543541,-8.42645771836733,-2.8808310773207
"2.5%166","Kurixalus verrucosus","Regional_DivisionNorthwest",-7.1109049335658,-10.965121284867,-3.3070058794368
"2.5%167","Kurixalus verrucosus","Regional_DivisionSouthwest",-5.07439439330349,-7.6949562052571,-2.43082772381295
"2.5%168","Zhangixalus burmanus","annual_precipitation",0.860591707889998,0.30314167369435,1.44489701614531
"2.5%169","Zhangixalus burmanus","mean_temperature",-0.566206512555351,-1.27220492666307,0.0810171125886001
"2.5%170","Zhangixalus burmanus","Percent_of_forest_cover_1km",0.236614392751993,-0.305486981229618,0.772774420380945
"2.5%171","Zhangixalus burmanus","Human_modification_1km",0.957975929010641,0.4146270631774,1.57694942006197
"2.5%172","Zhangixalus burmanus","Patch_density_1km",-0.330989776841575,-0.86696399772725,0.211500996349
"2.5%173","Zhangixalus burmanus","Edge_density_1km",0.207862173015681,-0.222628840797662,0.637223090430945
"2.5%174","Zhangixalus burmanus","streamOriginoutsideGLGS",-1.81379133381351,-2.7647390474533,-0.974694476899498
"2.5%175","Zhangixalus burmanus","riverdy",0.319249740068385,-1.83144089853099,2.45576316666748
"2.5%176","Zhangixalus burmanus","riverlc",-0.458348198279652,-2.04818022997683,1.1311895826669
"2.5%177","Zhangixalus burmanus","rivernu",-5.2348903590472,-7.1792963112042,-3.37623871309635
"2.5%178","Zhangixalus burmanus","Regional_DivisionNorthwest",-7.71276080300247,-10.6724256272015,-4.8831761207066
"2.5%179","Zhangixalus burmanus","Regional_DivisionSouthwest",-5.31104464845709,-7.2799156934665,-3.37340134499592
"2.5%180","Amolops bellulus","annual_precipitation",0.244738028647004,-0.0756478305351725,0.557792699224
"2.5%181","Amolops bellulus","mean_temperature",-0.238193499165632,-0.690218989641675,0.164323088413625
"2.5%182","Amolops bellulus","Percent_of_forest_cover_1km",0.254406405100381,-0.05773854300055,0.5603043359429
"2.5%183","Amolops bellulus","Human_modification_1km",-0.0229071910900593,-0.35189607621811,0.32019832048505
"2.5%184","Amolops bellulus","Patch_density_1km",-0.430130252436783,-0.74612761150915,-0.136738825308225
"2.5%185","Amolops bellulus","Edge_density_1km",0.335123525283102,0.052432848059,0.63105974882725
"2.5%186","Amolops bellulus","streamOriginoutsideGLGS",-0.480354021494183,-1.01161484835842,0.00789590626424986
"2.5%187","Amolops bellulus","riverdy",-2.41844349839613,-3.29999244916256,-1.54526888097445
"2.5%188","Amolops bellulus","riverlc",2.04160716277381,1.0620169466179,3.1482366561235
"2.5%189","Amolops bellulus","rivernu",-0.509122137404451,-1.2448591541174,0.210849489032085
"2.5%190","Amolops bellulus","Regional_DivisionNorthwest",-0.767891842419603,-2.025134243414,0.45439265184945
"2.5%191","Amolops bellulus","Regional_DivisionSouthwest",-0.0762943953771981,-0.80196230778725,0.648347768891675
"2.5%192","Leptobrachium chapaense","annual_precipitation",0.306532735033293,0.00663665116308202,0.604427214767325
"2.5%193","Leptobrachium chapaense","mean_temperature",-0.09190703753364,-0.530351261844433,0.325037544046275
"2.5%194","Leptobrachium chapaense","Percent_of_forest_cover_1km",-0.0187072063108272,-0.35186188187265,0.281948992206575
"2.5%195","Leptobrachium chapaense","Human_modification_1km",0.486292114979048,0.147709134611075,0.865966246598175
"2.5%196","Leptobrachium chapaense","Patch_density_1km",0.0921077213122347,-0.21505959492896,0.431816193765742
"2.5%197","Leptobrachium chapaense","Edge_density_1km",-0.103112652530012,-0.404815011512258,0.155493750400302
"2.5%198","Leptobrachium chapaense","streamOriginoutsideGLGS",-0.586540662613365,-1.1296145213511,-0.0890042922881501
"2.5%199","Leptobrachium chapaense","riverdy",1.63896949354303,0.315068625449187,2.9949744023347
"2.5%200","Leptobrachium chapaense","riverlc",-1.63418815722934,-2.65432162319155,-0.70801822165657
"2.5%201","Leptobrachium chapaense","rivernu",-2.37226828365974,-3.20778271529781,-1.57257767898988
"2.5%202","Leptobrachium chapaense","Regional_DivisionNorthwest",-3.40705391911171,-4.92502453182632,-1.97281505315768
"2.5%203","Leptobrachium chapaense","Regional_DivisionSouthwest",-2.6501508299706,-3.6307167635252,-1.67893043967828
"2.5%204","Amolops viridimaculatus","annual_precipitation",0.0733847654922266,-0.294696922523475,0.411741855616995
"2.5%205","Amolops viridimaculatus","mean_temperature",-0.919635480267495,-1.4264822506806,-0.482638560637425
"2.5%206","Amolops viridimaculatus","Percent_of_forest_cover_1km",-0.22768672461888,-0.593119233676825,0.0949672413741746
"2.5%207","Amolops viridimaculatus","Human_modification_1km",0.709548925423465,0.3621103587793,1.1127697657126
"2.5%208","Amolops viridimaculatus","Patch_density_1km",0.0563754173388272,-0.26800617560175,0.412727264200275
"2.5%209","Amolops viridimaculatus","Edge_density_1km",0.0125486444260862,-0.30198728677175,0.322661024133585
"2.5%210","Amolops viridimaculatus","streamOriginoutsideGLGS",-1.34392144903308,-1.946697937209,-0.826226870972375
"2.5%211","Amolops viridimaculatus","riverdy",1.22890968216923,-0.0426477980218998,2.49204460815345
"2.5%212","Amolops viridimaculatus","riverlc",1.09957919790048,0.04385745142195,2.2592562538384
"2.5%213","Amolops viridimaculatus","rivernu",-2.15961768659021,-3.07351165030875,-1.26253076748278
"2.5%214","Amolops viridimaculatus","Regional_DivisionNorthwest",-4.26462277657264,-5.874076249472,-2.78197660468025
"2.5%215","Amolops viridimaculatus","Regional_DivisionSouthwest",-2.72636851655338,-3.72887405919075,-1.7558619505943
"2.5%216","Tylototriton panwaensis","annual_precipitation",0.446717172260479,0.0106577738061001,0.874201363824447
"2.5%217","Tylototriton panwaensis","mean_temperature",-0.488542691325902,-1.08743240707155,0.06955503639929
"2.5%218","Tylototriton panwaensis","Percent_of_forest_cover_1km",0.00235921222291821,-0.46181186202695,0.423363117036875
"2.5%219","Tylototriton panwaensis","Human_modification_1km",0.746068665375148,0.297760339590567,1.27102923212535
"2.5%220","Tylototriton panwaensis","Patch_density_1km",-0.0464431036813097,-0.469924784726315,0.423535368506252
"2.5%221","Tylototriton panwaensis","Edge_density_1km",0.0213813152118869,-0.339768636245662,0.345853500598762
"2.5%222","Tylototriton panwaensis","streamOriginoutsideGLGS",-1.25190324928602,-2.0283201132267,-0.5777115109855
"2.5%223","Tylototriton panwaensis","riverdy",1.24301744133742,-0.790908651736112,3.32597407439222
"2.5%224","Tylototriton panwaensis","riverlc",-0.627357279637427,-1.94842323472468,0.600535826329525
"2.5%225","Tylototriton panwaensis","rivernu",-3.45214423769058,-4.92353125033813,-2.02841199455002
"2.5%226","Tylototriton panwaensis","Regional_DivisionNorthwest",-5.3531486356216,-7.85116263435925,-3.03242272163681
"2.5%227","Tylototriton panwaensis","Regional_DivisionSouthwest",-3.77237748835447,-5.40975021851852,-2.1431235673692
"2.5%228","Rhacophorus rhodopus","annual_precipitation",0.898783254582012,0.431183813008162,1.41511832790152
"2.5%229","Rhacophorus rhodopus","mean_temperature",0.0375077553742743,-0.53627436645928,0.6168473917892
"2.5%230","Rhacophorus rhodopus","Percent_of_forest_cover_1km",0.417655121113803,-0.0335267882678425,0.885909347708475
"2.5%231","Rhacophorus rhodopus","Human_modification_1km",0.561943959617408,0.099055626441675,1.07382215867352
"2.5%232","Rhacophorus rhodopus","Patch_density_1km",-0.393458453923128,-0.846097446648565,0.05527013941842
"2.5%233","Rhacophorus rhodopus","Edge_density_1km",0.211784201550809,-0.131857415879499,0.569014401009914
"2.5%234","Rhacophorus rhodopus","streamOriginoutsideGLGS",-1.04573597314956,-1.84618526264524,-0.31191348486495
"2.5%235","Rhacophorus rhodopus","riverdy",-0.441829560973929,-2.27635453217311,1.44115950931363
"2.5%236","Rhacophorus rhodopus","riverlc",-1.3770776764372,-2.7755836342191,-0.0793948278878376
"2.5%237","Rhacophorus rhodopus","rivernu",-4.27931402791472,-5.99816318921581,-2.62146676892959
"2.5%238","Rhacophorus rhodopus","Regional_DivisionNorthwest",-5.52515933968281,-8.08602974055614,-3.0974236160444
"2.5%239","Rhacophorus rhodopus","Regional_DivisionSouthwest",-3.96925151353033,-5.7212923705917,-2.2980916613492
"2.5%240","Duttaphrynus melanostictus","annual_precipitation",-0.278387619956033,-0.628445651605525,0.0394315670095149
"2.5%241","Duttaphrynus melanostictus","mean_temperature",-1.076083878394,-1.53857830147565,-0.67105514717841
"2.5%242","Duttaphrynus melanostictus","Percent_of_forest_cover_1km",-0.469620202581987,-0.819951335884412,-0.165932162579125
"2.5%243","Duttaphrynus melanostictus","Human_modification_1km",0.656771734898647,0.324876949309548,1.03507454003759
"2.5%244","Duttaphrynus melanostictus","Patch_density_1km",0.287330507231826,-0.0239914396420025,0.626746967808992
"2.5%245","Duttaphrynus melanostictus","Edge_density_1km",-0.121330616806812,-0.429320879831603,0.182820908863225
"2.5%246","Duttaphrynus melanostictus","streamOriginoutsideGLGS",-1.1555054847494,-1.70736569535324,-0.680046612911455
"2.5%247","Duttaphrynus melanostictus","riverdy",2.07900099891743,1.10708175716665,3.0761396427749
"2.5%248","Duttaphrynus melanostictus","riverlc",1.44190027952677,0.444277929170472,2.50444954158766
"2.5%249","Duttaphrynus melanostictus","rivernu",-0.9729334358874,-1.70675571797695,-0.271013758003425
"2.5%250","Duttaphrynus melanostictus","Regional_DivisionNorthwest",-3.0153356817852,-4.313092993933,-1.81796519823805
"2.5%251","Duttaphrynus melanostictus","Regional_DivisionSouthwest",-1.84564011023434,-2.6047312530063,-1.12628033528076
"2.5%252","Odorrana andersonii","annual_precipitation",-0.247490617497483,-0.572676157658155,0.0378447634492807
"2.5%253","Odorrana andersonii","mean_temperature",-0.622278294603512,-1.05916258581267,-0.24771673483581
"2.5%254","Odorrana andersonii","Percent_of_forest_cover_1km",-0.487720052133908,-0.842881039286645,-0.18636691065145
"2.5%255","Odorrana andersonii","Human_modification_1km",0.619365062208016,0.277423147291309,1.02746434337608
"2.5%256","Odorrana andersonii","Patch_density_1km",0.494608303264987,0.171907441668318,0.882931374632304
"2.5%257","Odorrana andersonii","Edge_density_1km",-0.32425070830507,-0.662587184101243,-0.041512822006895
"2.5%258","Odorrana andersonii","streamOriginoutsideGLGS",-0.682252416475467,-1.22938265421029,-0.22186421823403
"2.5%259","Odorrana andersonii","riverdy",3.45522195704894,2.09618466607677,4.83812782581567
"2.5%260","Odorrana andersonii","riverlc",-0.795831303331239,-1.7492485792128,0.0634061289865076
"2.5%261","Odorrana andersonii","rivernu",-1.10093597059828,-1.86493878698667,-0.40816557104735
"2.5%262","Odorrana andersonii","Regional_DivisionNorthwest",-2.67394989600285,-4.15901663467713,-1.32543293056516
"2.5%263","Odorrana andersonii","Regional_DivisionSouthwest",-2.05949869678362,-3.00218830600359,-1.16762971175093
"2.5%264","Xenophrys glandulosa","annual_precipitation",0.0106031417101757,-0.234656977191863,0.252460993448232
"2.5%265","Xenophrys glandulosa","mean_temperature",0.0675565591990468,-0.248801667799237,0.387698971922203
"2.5%266","Xenophrys glandulosa","Percent_of_forest_cover_1km",-0.130860601247667,-0.386253607734238,0.104856750399545
"2.5%267","Xenophrys glandulosa","Human_modification_1km",0.217342842106326,-0.0443540716653125,0.48627616187125
"2.5%268","Xenophrys glandulosa","Patch_density_1km",0.243043106528488,0.00414282427776151,0.51123302384869
"2.5%269","Xenophrys glandulosa","Edge_density_1km",-0.201064017773673,-0.437349419979545,0.0156798674221217
"2.5%270","Xenophrys glandulosa","streamOriginoutsideGLGS",-0.0257643828797116,-0.413403537681805,0.359328601790337
"2.5%271","Xenophrys glandulosa","riverdy",1.83498174362291,0.987719414525432,2.73607655542141
"2.5%272","Xenophrys glandulosa","riverlc",-1.63563081799055,-2.39791728158678,-0.948269348802151
"2.5%273","Xenophrys glandulosa","rivernu",-0.75400408266083,-1.3647424026638,-0.175133965735475
"2.5%274","Xenophrys glandulosa","Regional_DivisionNorthwest",-1.07658304580343,-2.1540743921052,-0.0502429269198751
"2.5%275","Xenophrys glandulosa","Regional_DivisionSouthwest",-1.07926112082611,-1.7305865098135,-0.43145084806046
"2.5%276","Odorrana macrotympana","annual_precipitation",1.16650563600044,0.658630980115513,1.75133263242332
"2.5%277","Odorrana macrotympana","mean_temperature",0.400149616371413,-0.1316894133615,0.96070694081545
"2.5%278","Odorrana macrotympana","Percent_of_forest_cover_1km",0.708726549506943,0.2528246660263,1.2310709580627
"2.5%279","Odorrana macrotympana","Human_modification_1km",0.363172794612118,-0.126218671165575,0.87630016952945
"2.5%280","Odorrana macrotympana","Patch_density_1km",-0.654962953983398,-1.181793381319,-0.205043095629458
"2.5%281","Odorrana macrotympana","Edge_density_1km",0.362748368079226,0.00146321519099003,0.758022449474506
"2.5%282","Odorrana macrotympana","streamOriginoutsideGLGS",-0.828081443389675,-1.66048330783145,-0.0738588530530763
"2.5%283","Odorrana macrotympana","riverdy",-1.88615833264754,-3.6737759904442,-0.11386654751233
"2.5%284","Odorrana macrotympana","riverlc",-1.59117142857864,-2.9805759702045,-0.297263360884765
"2.5%285","Odorrana macrotympana","rivernu",-4.49988586164186,-6.4543602448376,-2.6319273850853
"2.5%286","Odorrana macrotympana","Regional_DivisionNorthwest",-5.15232145146085,-7.9419422455545,-2.4784662495934
"2.5%287","Odorrana macrotympana","Regional_DivisionSouthwest",-3.71186754991299,-5.59002925162427,-1.88207452809468
"2.5%288","Polypedates impresus","annual_precipitation",1.29193358288678,0.617392428957636,2.06186322456198
"2.5%289","Polypedates impresus","mean_temperature",0.257115800571291,-0.3938542774223,0.927490285901849
"2.5%290","Polypedates impresus","Percent_of_forest_cover_1km",0.757907108601881,0.208144807098075,1.39048084603861
"2.5%291","Polypedates impresus","Human_modification_1km",0.491555296767432,-0.0834738619641675,1.13044551108698
"2.5%292","Polypedates impresus","Patch_density_1km",-0.748957875585688,-1.38014357660735,-0.204886544065179
"2.5%293","Polypedates impresus","Edge_density_1km",0.434628216572415,0.02222370127886,0.913603799560394
"2.5%294","Polypedates impresus","streamOriginoutsideGLGS",-1.15271879313819,-2.24621702753433,-0.206734819692013
"2.5%295","Polypedates impresus","riverdy",-2.16186846345799,-4.4452769951664,0.063643222369075
"2.5%296","Polypedates impresus","riverlc",-1.26041405993941,-2.91479085038223,0.29385255509375
"2.5%297","Polypedates impresus","rivernu",-5.20066993519774,-7.87295369629726,-2.58806179500731
"2.5%298","Polypedates impresus","Regional_DivisionNorthwest",-6.24860911154571,-9.99169849127803,-2.67628797183555
"2.5%299","Polypedates impresus","Regional_DivisionSouthwest",-4.38485082391661,-6.91209807864705,-1.91489979457433
"2.5%300","Amolops yangensis","annual_precipitation",1.3156611820319,0.856764201901525,1.82623276343785
"2.5%301","Amolops yangensis","mean_temperature",0.72317636781747,0.20213437240875,1.27930855556937
"2.5%302","Amolops yangensis","Percent_of_forest_cover_1km",1.05618622305675,0.60913627979008,1.54740127523893
"2.5%303","Amolops yangensis","Human_modification_1km",-0.0861128925832049,-0.571309156541725,0.394177258526764
"2.5%304","Amolops yangensis","Patch_density_1km",-1.05911506074143,-1.54839758807877,-0.621676275496538
"2.5%305","Amolops yangensis","Edge_density_1km",0.647821096056584,0.272995466697131,1.05573169630891
"2.5%306","Amolops yangensis","streamOriginoutsideGLGS",-0.443658193196306,-1.20185812105938,0.3015908354587
"2.5%307","Amolops yangensis","riverdy",-4.75196373848896,-6.10196182097175,-3.50383042989765
"2.5%308","Amolops yangensis","riverlc",-0.366982066503359,-1.7249508621005,1.01218015222648
"2.5%309","Amolops yangensis","rivernu",-3.56837660986066,-4.98961926198391,-2.2009135083572
"2.5%310","Amolops yangensis","Regional_DivisionNorthwest",-3.18509788475664,-5.33730288607893,-1.12939404614223
"2.5%311","Amolops yangensis","Regional_DivisionSouthwest",-2.07057815010992,-3.4215668289832,-0.772844868400225
"2.5%312","Microhyla mukhlesuri","annual_precipitation",0.866008612173129,0.418065922147528,1.35082244392997
"2.5%313","Microhyla mukhlesuri","mean_temperature",0.00838471979932547,-0.498126810212405,0.517063671082605
"2.5%314","Microhyla mukhlesuri","Percent_of_forest_cover_1km",0.428786707900155,0.0169332058165348,0.883270192398755
"2.5%315","Microhyla mukhlesuri","Human_modification_1km",0.504393627469435,0.0857697700181375,0.98122204090155
"2.5%316","Microhyla mukhlesuri","Patch_density_1km",-0.43326498687259,-0.876631076646137,-0.0261891176424851
"2.5%317","Microhyla mukhlesuri","Edge_density_1km",0.247732447767679,-0.06027687210522,0.58499943440308
"2.5%318","Microhyla mukhlesuri","streamOriginoutsideGLGS",-1.02267169239738,-1.77710768099345,-0.34659760329533
"2.5%319","Microhyla mukhlesuri","riverdy",-0.81316101182906,-2.54013239446419,0.916132421692204
"2.5%320","Microhyla mukhlesuri","riverlc",-0.954214901168801,-2.2024813256683,0.217873408297277
"2.5%321","Microhyla mukhlesuri","rivernu",-3.99588005020183,-5.74356689766242,-2.32354964245961
"2.5%322","Microhyla mukhlesuri","Regional_DivisionNorthwest",-5.15163859634566,-7.63804829860528,-2.76140615645215
"2.5%323","Microhyla mukhlesuri","Regional_DivisionSouthwest",-3.63179749327046,-5.32754439578423,-1.98897329396469
"2.5%324","Limnonectes longchuanensis","annual_precipitation",1.02162653400273,0.56598228797275,1.49836649508031
"2.5%325","Limnonectes longchuanensis","mean_temperature",0.441544371807032,-0.0913573503156549,0.979881807711825
"2.5%326","Limnonectes longchuanensis","Percent_of_forest_cover_1km",0.534350285467832,0.065699606450645,1.00666546773228
"2.5%327","Limnonectes longchuanensis","Human_modification_1km",0.440688299474568,-0.048683171016675,0.954787243284175
"2.5%328","Limnonectes longchuanensis","Patch_density_1km",-0.39719919457405,-0.8684860483956,0.0603597064380999
"2.5%329","Limnonectes longchuanensis","Edge_density_1km",0.170360020558552,-0.2296436321725,0.552922794780425
"2.5%330","Limnonectes longchuanensis","streamOriginoutsideGLGS",-0.677140747250229,-1.41722810993647,0.0199181606878499
"2.5%331","Limnonectes longchuanensis","riverdy",-0.374305085349338,-2.1706818249846,1.42811513401905
"2.5%332","Limnonectes longchuanensis","riverlc",-2.62644707034326,-3.8993969026385,-1.49449422829449
"2.5%333","Limnonectes longchuanensis","rivernu",-4.36703470943004,-5.79612249535285,-2.98093362684889
"2.5%334","Limnonectes longchuanensis","Regional_DivisionNorthwest",-5.06856142413362,-7.3099436105975,-2.96899522876418
"2.5%335","Limnonectes longchuanensis","Regional_DivisionSouthwest",-3.88854062271797,-5.36220694563835,-2.445498086775
"2.5%336","Leptobrachium tengchongense","annual_precipitation",0.540114844824364,0.136101137626,0.951204331990925
"2.5%337","Leptobrachium tengchongense","mean_temperature",-0.549980226780341,-1.1005734618759,-0.054473897601975
"2.5%338","Leptobrachium tengchongense","Percent_of_forest_cover_1km",0.0550737114568264,-0.36786315685115,0.4462318443358
"2.5%339","Leptobrachium tengchongense","Human_modification_1km",0.805757055608213,0.40029811523015,1.28759181922042
"2.5%340","Leptobrachium tengchongense","Patch_density_1km",-0.126412146547695,-0.518694418408858,0.296681546189995
"2.5%341","Leptobrachium tengchongense","Edge_density_1km",0.0787372059367086,-0.2644994650937,0.40046389692268
"2.5%342","Leptobrachium tengchongense","streamOriginoutsideGLGS",-1.43100044562666,-2.1550148120138,-0.798943575240975
"2.5%343","Leptobrachium tengchongense","riverdy",0.94325858066611,-0.679387165523645,2.57299916636089
"2.5%344","Leptobrachium tengchongense","riverlc",-0.409853828763979,-1.66322504096945,0.816816896003525
"2.5%345","Leptobrachium tengchongense","rivernu",-3.87662242466889,-5.19950414218612,-2.64048877422541
"2.5%346","Leptobrachium tengchongense","Regional_DivisionNorthwest",-5.9690952349061,-8.11161893360295,-4.0334906279026
"2.5%347","Leptobrachium tengchongense","Regional_DivisionSouthwest",-4.13878679936861,-5.51737124425855,-2.8136153021406
"2.5%348","Amolops sp1","annual_precipitation",0.731176830582793,0.24010412326507,1.25703275068873
"2.5%349","Amolops sp1","mean_temperature",-0.499654351965301,-1.11882333474644,0.0812819761901658
"2.5%350","Amolops sp1","Percent_of_forest_cover_1km",0.305962447433362,-0.1670436529787,0.791508860618485
"2.5%351","Amolops sp1","Human_modification_1km",0.64274740675398,0.15232104328485,1.18355595073005
"2.5%352","Amolops sp1","Patch_density_1km",-0.461600224361914,-0.95459170997365,0.00213031973273729
"2.5%353","Amolops sp1","Edge_density_1km",0.322735213935057,-0.041453267148255,0.70415047887272
"2.5%354","Amolops sp1","streamOriginoutsideGLGS",-1.49425395567536,-2.3180960923748,-0.75066817818365
"2.5%355","Amolops sp1","riverdy",-1.0895326914373,-3.1597913043497,0.979298174345125
"2.5%356","Amolops sp1","riverlc",0.732818760588236,-0.646321210884612,2.13294180980384
"2.5%357","Amolops sp1","rivernu",-3.88757730370193,-5.62539040782063,-2.15606216701641
"2.5%358","Amolops sp1","Regional_DivisionNorthwest",-5.71081944093455,-8.345449471518,-3.11583088470748
"2.5%359","Amolops sp1","Regional_DivisionSouthwest",-3.69600548533307,-5.46098273056423,-1.90705778070845
"2.5%360","Odorrana grahami","annual_precipitation",0.0434697069219281,-0.253947381910067,0.304614157533725
"2.5%361","Odorrana grahami","mean_temperature",-0.509282351040601,-0.929909817910615,-0.143065223909713
"2.5%362","Odorrana grahami","Percent_of_forest_cover_1km",-0.243894451169809,-0.561045151792325,0.0256090941014824
"2.5%363","Odorrana grahami","Human_modification_1km",0.595082231242747,0.2852859076907,0.960959270003435
"2.5%364","Odorrana grahami","Patch_density_1km",0.225717427025595,-0.0498982658484125,0.561393717271822
"2.5%365","Odorrana grahami","Edge_density_1km",-0.149908454197578,-0.4385100142105,0.087860777367425
"2.5%366","Odorrana grahami","streamOriginoutsideGLGS",-0.828297248104016,-1.33285321472175,-0.38052454666239
"2.5%367","Odorrana grahami","riverdy",2.17129429449085,0.84826040630335,3.52271421111983
"2.5%368","Odorrana grahami","riverlc",-0.576314933649109,-1.47505207561365,0.294828048605932
"2.5%369","Odorrana grahami","rivernu",-1.85515157430972,-2.65429055081079,-1.107077615796
"2.5%370","Odorrana grahami","Regional_DivisionNorthwest",-3.37598761798506,-4.8764285834207,-1.99876967269598
"2.5%371","Odorrana grahami","Regional_DivisionSouthwest",-2.45656073807524,-3.42324298106765,-1.51047286862368
"2.5%372","Xenophrys periosa","annual_precipitation",1.33074726956036,0.870129648068735,1.8176605579705
"2.5%373","Xenophrys periosa","mean_temperature",1.26602140190279,0.7644010914047,1.81840274481627
"2.5%374","Xenophrys periosa","Percent_of_forest_cover_1km",1.13194734212485,0.682381510695525,1.61597925667875
"2.5%375","Xenophrys periosa","Human_modification_1km",-0.32699089239338,-0.83728895391525,0.14703382156675
"2.5%376","Xenophrys periosa","Patch_density_1km",-0.9789594909571,-1.46507135867595,-0.523909384052353
"2.5%377","Xenophrys periosa","Edge_density_1km",0.543306417695006,0.129939707779275,0.98044435407385
"2.5%378","Xenophrys periosa","streamOriginoutsideGLGS",0.222830524438766,-0.488713543488875,0.958566120556
"2.5%379","Xenophrys periosa","riverdy",-4.44704955336986,-5.7031234242532,-3.25216052802153
"2.5%380","Xenophrys periosa","riverlc",-1.93765979690423,-3.25270097290075,-0.682762095064275
"2.5%381","Xenophrys periosa","rivernu",-3.03135663461798,-4.23181237680495,-1.83457728722175
"2.5%382","Xenophrys periosa","Regional_DivisionNorthwest",-1.73919919856571,-3.5452225144085,0.108231490335749
"2.5%383","Xenophrys periosa","Regional_DivisionSouthwest",-1.38336740089775,-2.50250236027225,-0.252496901322
"2.5%384","Bufo aspinius","annual_precipitation",0.271518998196238,-0.17598078092223,0.70494336025116
"2.5%385","Bufo aspinius","mean_temperature",-1.07537223250236,-1.64547006971597,-0.57202442627776
"2.5%386","Bufo aspinius","Percent_of_forest_cover_1km",-0.0683184380932638,-0.4993999483146,0.3555215078703
"2.5%387","Bufo aspinius","Human_modification_1km",0.760122934859936,0.32808933634709,1.23349157603653
"2.5%388","Bufo aspinius","Patch_density_1km",-0.20209362280081,-0.6100974799489,0.214480455848475
"2.5%389","Bufo aspinius","Edge_density_1km",0.208719001762733,-0.16889921561935,0.593678057408139
"2.5%390","Bufo aspinius","streamOriginoutsideGLGS",-1.72066614313126,-2.42377402616467,-1.10538389927684
"2.5%391","Bufo aspinius","riverdy",-0.0667863368579815,-1.3981310621424,1.24916366449482
"2.5%392","Bufo aspinius","riverlc",2.14276204707374,0.955098202038175,3.43181664289795
"2.5%393","Bufo aspinius","rivernu",-2.80281391210297,-3.8707329152474,-1.78744497843896
"2.5%394","Bufo aspinius","Regional_DivisionNorthwest",-5.2055470846816,-6.91764174548225,-3.58650078498385
"2.5%395","Bufo aspinius","Regional_DivisionSouthwest",-3.13443883686093,-4.196572650238,-2.07854744041215
"2.5%396","Polypedates megacephalus","annual_precipitation",1.49376453505129,0.5564814662948,2.53895859554431
"2.5%397","Polypedates megacephalus","mean_temperature",-0.0649501767330159,-0.962385149417175,0.834984758736675
"2.5%398","Polypedates megacephalus","Percent_of_forest_cover_1km",0.785918172889788,0.042393760974925,1.66897229930572
"2.5%399","Polypedates megacephalus","Human_modification_1km",0.809375746276155,0.0426128310462975,1.68114985634897
"2.5%400","Polypedates megacephalus","Patch_density_1km",-0.85362901587314,-1.72611167356868,-0.11361811502867
"2.5%401","Polypedates megacephalus","Edge_density_1km",0.519372650007036,-0.025536185847108,1.16482106970348
"2.5%402","Polypedates megacephalus","streamOriginoutsideGLGS",-1.82405769730682,-3.29777071423965,-0.52168484971998
"2.5%403","Polypedates megacephalus","riverdy",-2.15967790512142,-5.26592152910094,0.976074343029089
"2.5%404","Polypedates megacephalus","riverlc",-0.850549864895302,-3.0787914498292,1.22860243125115
"2.5%405","Polypedates megacephalus","rivernu",-6.66097598778493,-10.4728071265623,-3.0101376422952
"2.5%406","Polypedates megacephalus","Regional_DivisionNorthwest",-8.62989060271777,-13.8658415272392,-3.6723353872096
"2.5%407","Polypedates megacephalus","Regional_DivisionSouthwest",-5.92313218040602,-9.4990859612968,-2.4907150782596
"2.5%408","Pelodiscus sinensis","annual_precipitation",1.5112169579932,0.569463604132223,2.56217405196274
"2.5%409","Pelodiscus sinensis","mean_temperature",-0.0583235267737221,-0.95672085410585,0.806377184984549
"2.5%410","Pelodiscus sinensis","Percent_of_forest_cover_1km",0.788245390786485,0.0570455100564075,1.65375950870582
"2.5%411","Pelodiscus sinensis","Human_modification_1km",0.826421091583516,0.08602885595555,1.6853304222298
"2.5%412","Pelodiscus sinensis","Patch_density_1km",-0.851601679546771,-1.7055379165095,-0.116549492574158
"2.5%413","Pelodiscus sinensis","Edge_density_1km",0.51399327133201,-0.0256576025762804,1.15295532110669
"2.5%414","Pelodiscus sinensis","streamOriginoutsideGLGS",-1.84072795052472,-3.29729830771418,-0.5765178678439
"2.5%415","Pelodiscus sinensis","riverdy",-2.09100939151327,-5.18992411171374,0.932511036061573
"2.5%416","Pelodiscus sinensis","riverlc",-0.953658978790306,-3.1748919099035,1.1464612896993
"2.5%417","Pelodiscus sinensis","rivernu",-6.77241610194366,-10.6423641786274,-3.08324093866993
"2.5%418","Pelodiscus sinensis","Regional_DivisionNorthwest",-8.77394150471082,-13.9611994986385,-3.73091247056163
"2.5%419","Pelodiscus sinensis","Regional_DivisionSouthwest",-6.04063286869414,-9.6282120827061,-2.5771576935387
"2.5%420","Fejervarya multistriata","annual_precipitation",0.558702377091623,0.260119244514803,0.869438420883755
"2.5%421","Fejervarya multistriata","mean_temperature",-0.0422112409677275,-0.418669251433793,0.33405248383535
"2.5%422","Fejervarya multistriata","Percent_of_forest_cover_1km",0.246163130138815,-0.04246569010184,0.550844972694965
"2.5%423","Fejervarya multistriata","Human_modification_1km",0.386056988254069,0.0787107175802208,0.72666786273151
"2.5%424","Fejervarya multistriata","Patch_density_1km",-0.247921194438518,-0.547754790811231,0.0440644588881259
"2.5%425","Fejervarya multistriata","Edge_density_1km",0.137825838075026,-0.087774358208632,0.369455190377472
"2.5%426","Fejervarya multistriata","streamOriginoutsideGLGS",-0.735315835415838,-1.25424927280615,-0.2630391294325
"2.5%427","Fejervarya multistriata","riverdy",-0.255411124925709,-1.52783150498495,1.03108288299879
"2.5%428","Fejervarya multistriata","riverlc",-0.71264397871552,-1.61293875203977,0.15371197564885
"2.5%429","Fejervarya multistriata","rivernu",-2.75549230674652,-3.84528997667798,-1.71184458432412
"2.5%430","Fejervarya multistriata","Regional_DivisionNorthwest",-3.65448191139433,-5.3030314280498,-2.07159642088395
"2.5%431","Fejervarya multistriata","Regional_DivisionSouthwest",-2.59205060265331,-3.69443605054453,-1.48221082844448
"2.5%432","Scutiger sp3","annual_precipitation",1.52272730118867,0.60937847463624,2.54201616070083
"2.5%433","Scutiger sp3","mean_temperature",-0.0914531967209739,-0.9786476860869,0.8025036453249
"2.5%434","Scutiger sp3","Percent_of_forest_cover_1km",0.795451923480256,0.06293231487615,1.63601329992139
"2.5%435","Scutiger sp3","Human_modification_1km",0.838589127987412,0.093553469473328,1.69317756814148
"2.5%436","Scutiger sp3","Patch_density_1km",-0.866512365389981,-1.70951534859484,-0.14919539097055
"2.5%437","Scutiger sp3","Edge_density_1km",0.529154903491283,-0.013175754511775,1.1577395853397
"2.5%438","Scutiger sp3","streamOriginoutsideGLGS",-1.89143469647793,-3.33742114740415,-0.61105383844371
"2.5%439","Scutiger sp3","riverdy",-2.18003625586467,-5.11216602311673,0.809537521756298
"2.5%440","Scutiger sp3","riverlc",-0.824229069848255,-3.0472598489322,1.2945908206785
"2.5%441","Scutiger sp3","rivernu",-6.84005714857545,-10.4735604564317,-3.23260592879572
"2.5%442","Scutiger sp3","Regional_DivisionNorthwest",-8.89256459990173,-13.9686987066153,-3.9644262754185
"2.5%443","Scutiger sp3","Regional_DivisionSouthwest",-6.09580810395727,-9.46687607268348,-2.76331618901908
"2.5%444","Megophrys major","annual_precipitation",1.36627965902459,0.909954417917775,1.854786946935
"2.5%445","Megophrys major","mean_temperature",1.22434225577004,0.69636492215695,1.77392947639625
"2.5%446","Megophrys major","Percent_of_forest_cover_1km",1.12313623654565,0.66512906298615,1.61543452143325
"2.5%447","Megophrys major","Human_modification_1km",-0.251759186302279,-0.76821282964525,0.223974693851875
"2.5%448","Megophrys major","Patch_density_1km",-0.969227296032752,-1.45758609743237,-0.504407440325825
"2.5%449","Megophrys major","Edge_density_1km",0.534418543048412,0.118069045392075,0.971033413381225
"2.5%450","Megophrys major","streamOriginoutsideGLGS",0.113009152880326,-0.6013032871652,0.8338002394705
"2.5%451","Megophrys major","riverdy",-4.24794895603686,-5.51758856643585,-3.00202392902305
"2.5%452","Megophrys major","riverlc",-2.05942145969387,-3.4110584789915,-0.78549350582425
"2.5%453","Megophrys major","rivernu",-3.35496820784236,-4.5477434443737,-2.203834009926
"2.5%454","Megophrys major","Regional_DivisionNorthwest",-2.24201477295667,-4.07326613381425,-0.413355347678501
"2.5%455","Megophrys major","Regional_DivisionSouthwest",-1.75310757083616,-2.8855503087375,-0.640758448504751
"2.5%456","Bufo tuberospinius","annual_precipitation",-0.0466817958825368,-0.4964059633663,0.378571361493365
"2.5%457","Bufo tuberospinius","mean_temperature",-1.2333298873265,-1.80688205675494,-0.72799704203645
"2.5%458","Bufo tuberospinius","Percent_of_forest_cover_1km",-0.294844556168402,-0.7208336048625,0.106768233684375
"2.5%459","Bufo tuberospinius","Human_modification_1km",0.730965341804865,0.3135377014797,1.1972389184774
"2.5%460","Bufo tuberospinius","Patch_density_1km",0.0142982902217519,-0.387301627850725,0.424408472486625
"2.5%461","Bufo tuberospinius","Edge_density_1km",0.0830723859101237,-0.30100511015265,0.478962642463075
"2.5%462","Bufo tuberospinius","streamOriginoutsideGLGS",-1.57538112529517,-2.2597903694482,-0.976205761704225
"2.5%463","Bufo tuberospinius","riverdy",0.770430901323112,-0.41368682875925,1.98115503985292
"2.5%464","Bufo tuberospinius","riverlc",2.43430325289177,1.25639258800255,3.73967796982371
"2.5%465","Bufo tuberospinius","rivernu",-1.78889021780576,-2.71506302122705,-0.89092473718825
"2.5%466","Bufo tuberospinius","Regional_DivisionNorthwest",-4.17967692546906,-5.75118301156625,-2.71980885094625
"2.5%467","Bufo tuberospinius","Regional_DivisionSouthwest",-2.41494873150802,-3.35170921305475,-1.47488975128813
"2.5%468","Scutiger sp1","annual_precipitation",1.53840681699141,0.672663267100055,2.50553145200222
"2.5%469","Scutiger sp1","mean_temperature",-0.0999913493542575,-1.00884394952975,0.783734896402549
"2.5%470","Scutiger sp1","Percent_of_forest_cover_1km",0.796416180380371,0.0688391711202251,1.60944816320139
"2.5%471","Scutiger sp1","Human_modification_1km",0.86210306662347,0.1185422656606,1.71506898645322
"2.5%472","Scutiger sp1","Patch_density_1km",-0.87038718285256,-1.68744027352479,-0.152077097613728
"2.5%473","Scutiger sp1","Edge_density_1km",0.5295322831135,0.00280568740903002,1.13891475233844
"2.5%474","Scutiger sp1","streamOriginoutsideGLGS",-1.91982897272084,-3.30227163090039,-0.6906463735791
"2.5%475","Scutiger sp1","riverdy",-2.13597263671058,-5.08684974150763,0.737390242158927
"2.5%476","Scutiger sp1","riverlc",-0.865573389769286,-3.1328578050883,1.31821719667377
"2.5%477","Scutiger sp1","rivernu",-6.93618787893947,-10.4504320594838,-3.67296107577039
"2.5%478","Scutiger sp1","Regional_DivisionNorthwest",-9.03646331608109,-13.8433028235506,-4.4815376051119
"2.5%479","Scutiger sp1","Regional_DivisionSouthwest",-6.20416292378697,-9.49421701359218,-3.02885126804455
"2.5%480","Rana chaochiaoensis","annual_precipitation",0.635174658337898,0.255624843462575,1.04213438103322
"2.5%481","Rana chaochiaoensis","mean_temperature",-0.299395052731511,-0.81157888722054,0.18619238533945
"2.5%482","Rana chaochiaoensis","Percent_of_forest_cover_1km",0.232514007562746,-0.141637265363925,0.614060322120427
"2.5%483","Rana chaochiaoensis","Human_modification_1km",0.581228210952903,0.1883245202262,1.02303158383665
"2.5%484","Rana chaochiaoensis","Patch_density_1km",-0.295430923739527,-0.68403862816845,0.0771001523898225
"2.5%485","Rana chaochiaoensis","Edge_density_1km",0.185419096229948,-0.105305782575545,0.484867544226785
"2.5%486","Rana chaochiaoensis","streamOriginoutsideGLGS",-1.16333119840933,-1.8505627573884,-0.553745382704775
"2.5%487","Rana chaochiaoensis","riverdy",-0.231553646202351,-1.82751017217143,1.36899222691525
"2.5%488","Rana chaochiaoensis","riverlc",-0.255383961447023,-1.43639865036035,0.940193552293337
"2.5%489","Rana chaochiaoensis","rivernu",-3.50561038288209,-4.85451398499525,-2.19456227312232
"2.5%490","Rana chaochiaoensis","Regional_DivisionNorthwest",-5.00653962249872,-7.1062744916367,-3.0132106824547
"2.5%491","Rana chaochiaoensis","Regional_DivisionSouthwest",-3.42490034770631,-4.8042567827976,-2.06257066055505
"2.5%492","Zhangixalus smaragdinus","annual_precipitation",0.958193884802918,0.50762695658093,1.4600755912957
"2.5%493","Zhangixalus smaragdinus","mean_temperature",0.724512147562501,0.17285422075525,1.3171627591857
"2.5%494","Zhangixalus smaragdinus","Percent_of_forest_cover_1km",0.631682474150409,0.197582836189188,1.11239240638587
"2.5%495","Zhangixalus smaragdinus","Human_modification_1km",0.116925841356456,-0.3942187180103,0.6086668021043
"2.5%496","Zhangixalus smaragdinus","Patch_density_1km",-0.474215137412131,-0.942636361419725,-0.0329034724818751
"2.5%497","Zhangixalus smaragdinus","Edge_density_1km",0.218273308825222,-0.153656004270835,0.593661854202252
"2.5%498","Zhangixalus smaragdinus","streamOriginoutsideGLGS",-0.182579537650783,-0.94680398274175,0.5786440833897
"2.5%499","Zhangixalus smaragdinus","riverdy",-1.32009742942484,-3.19005669093975,0.53391994117135
"2.5%500","Zhangixalus smaragdinus","riverlc",-2.44204090180892,-3.84867973210603,-1.21886124589603
"2.5%501","Zhangixalus smaragdinus","rivernu",-3.25207257552554,-4.82380678476245,-1.739968165378
"2.5%502","Zhangixalus smaragdinus","Regional_DivisionNorthwest",-3.11006629641052,-5.48840673217323,-0.7591842400855
"2.5%503","Zhangixalus smaragdinus","Regional_DivisionSouthwest",-2.50025991503076,-4.12985049578075,-0.883589879841901
"2.5%504","Nanorana chayuensis","annual_precipitation",0.652071705110025,0.257729371301175,1.0489719566026
"2.5%505","Nanorana chayuensis","mean_temperature",-0.144958874718164,-0.64894815859665,0.3293302785944
"2.5%506","Nanorana chayuensis","Percent_of_forest_cover_1km",0.542250052826577,0.148114347980275,0.936810526737465
"2.5%507","Nanorana chayuensis","Human_modification_1km",0.0479014394795421,-0.365438737725825,0.47359474717205
"2.5%508","Nanorana chayuensis","Patch_density_1km",-0.742407331696793,-1.1444537277926,-0.368243982725225
"2.5%509","Nanorana chayuensis","Edge_density_1km",0.533720570286666,0.1786105592626,0.90818135650595
"2.5%510","Nanorana chayuensis","streamOriginoutsideGLGS",-0.796832156161208,-1.4240395420605,-0.197742188680725
"2.5%511","Nanorana chayuensis","riverdy",-3.69213456076966,-4.74002032682275,-2.6708196242259
"2.5%512","Nanorana chayuensis","riverlc",2.08642315286712,0.956299753691675,3.31984630280118
"2.5%513","Nanorana chayuensis","rivernu",-1.87916247415383,-2.7873963269427,-0.983504464395726
"2.5%514","Nanorana chayuensis","Regional_DivisionNorthwest",-2.30707409749237,-3.814262871788,-0.826008774525501
"2.5%515","Nanorana chayuensis","Regional_DivisionSouthwest",-1.07010920050941,-1.964474533774,-0.2135213879945
"2.5%516","Amolops putaoensis","annual_precipitation",1.01477538205631,0.557649756693342,1.54579360585494
"2.5%517","Amolops putaoensis","mean_temperature",0.221683468436711,-0.289392594479338,0.745866961711629
"2.5%518","Amolops putaoensis","Percent_of_forest_cover_1km",0.634113581190435,0.231878764185833,1.08534508726955
"2.5%519","Amolops putaoensis","Human_modification_1km",0.317228755964048,-0.117522970303917,0.775895812693235
"2.5%520","Amolops putaoensis","Patch_density_1km",-0.646074202319341,-1.09977119602816,-0.245543706443303
"2.5%521","Amolops putaoensis","Edge_density_1km",0.385768675768739,0.084016253688245,0.742413438103492
"2.5%522","Amolops putaoensis","streamOriginoutsideGLGS",-0.857906616168252,-1.63224032910812,-0.169267410489725
"2.5%523","Amolops putaoensis","riverdy",-2.14165827743895,-3.8092624840465,-0.52551765571511
"2.5%524","Amolops putaoensis","riverlc",-0.685957382452132,-1.96962229348535,0.555026218952274
"2.5%525","Amolops putaoensis","rivernu",-3.86985838402993,-5.6167823517562,-2.13942205375757
"2.5%526","Amolops putaoensis","Regional_DivisionNorthwest",-4.55447018899574,-7.02475384907507,-2.12724942354445
"2.5%527","Amolops putaoensis","Regional_DivisionSouthwest",-3.13660407088803,-4.7978815429129,-1.48470274468108
"2.5%528","Leptobrachella sp","annual_precipitation",1.56035090978403,0.686849563470365,2.54290825806813
"2.5%529","Leptobrachella sp","mean_temperature",-0.0825947169767701,-0.9646468794581,0.800770186776149
"2.5%530","Leptobrachella sp","Percent_of_forest_cover_1km",0.813676936364881,0.092953443733915,1.65234102973932
"2.5%531","Leptobrachella sp","Human_modification_1km",0.862050450154927,0.12749412698742,1.70209227629795
"2.5%532","Leptobrachella sp","Patch_density_1km",-0.885147835253901,-1.7109317070379,-0.155620443456818
"2.5%533","Leptobrachella sp","Edge_density_1km",0.53654374869644,-0.00593818828677004,1.16450779394883
"2.5%534","Leptobrachella sp","streamOriginoutsideGLGS",-1.92508681036577,-3.32216609537978,-0.663969416660175
"2.5%535","Leptobrachella sp","riverdy",-2.1962385115213,-5.1969535474671,0.753277278982178
"2.5%536","Leptobrachella sp","riverlc",-0.900918985768605,-3.08851804282987,1.1918029598123
"2.5%537","Leptobrachella sp","rivernu",-7.0045374753508,-10.540841187172,-3.5958903730245
"2.5%538","Leptobrachella sp","Regional_DivisionNorthwest",-9.10113338967278,-14.0554389679659,-4.44389865863025
"2.5%539","Leptobrachella sp","Regional_DivisionSouthwest",-6.24795972971832,-9.59117579212104,-3.03019778562564
"2.5%540","Hemidactylus aquilonius","annual_precipitation",1.55470470026302,0.626915869214952,2.58357446425376
"2.5%541","Hemidactylus aquilonius","mean_temperature",-0.0297500360118754,-0.9275611494554,0.891750395593275
"2.5%542","Hemidactylus aquilonius","Percent_of_forest_cover_1km",0.830337334388161,0.101722244540225,1.70130483790082
"2.5%543","Hemidactylus aquilonius","Human_modification_1km",0.814394042436697,0.056724055909075,1.69969658789312
"2.5%544","Hemidactylus aquilonius","Patch_density_1km",-0.893396587467468,-1.7561816576081,-0.1470652951899
"2.5%545","Hemidactylus aquilonius","Edge_density_1km",0.540997629685088,0.00837501199768578,1.19305565970748
"2.5%546","Hemidactylus aquilonius","streamOriginoutsideGLGS",-1.84297760995206,-3.332568144061,-0.550081103097
"2.5%547","Hemidactylus aquilonius","riverdy",-2.30741101431105,-5.30769104137828,0.61312755068267
"2.5%548","Hemidactylus aquilonius","riverlc",-0.934083502874494,-3.17803346294026,1.21893849588695
"2.5%549","Hemidactylus aquilonius","rivernu",-6.85797633386375,-10.6490156542804,-3.20357995905207
"2.5%550","Hemidactylus aquilonius","Regional_DivisionNorthwest",-8.82258316969115,-14.1269899130251,-3.8351692605635
"2.5%551","Hemidactylus aquilonius","Regional_DivisionSouthwest",-6.06060444172576,-9.62537442184112,-2.6062103769184
"2.5%552","Tylototriton verrucosus","annual_precipitation",1.48523640683034,0.5710624981352,2.49495813885558
"2.5%553","Tylototriton verrucosus","mean_temperature",-0.055162665970817,-0.9517938015585,0.83889216143352
"2.5%554","Tylototriton verrucosus","Percent_of_forest_cover_1km",0.790167216786083,0.0555999532790349,1.65090208022595
"2.5%555","Tylototriton verrucosus","Human_modification_1km",0.788213802534448,0.0147150075511349,1.66380654247725
"2.5%556","Tylototriton verrucosus","Patch_density_1km",-0.8564396864599,-1.69418131369407,-0.12505496282841
"2.5%557","Tylototriton verrucosus","Edge_density_1km",0.522422859684595,-0.0157134231809325,1.15438060023285
"2.5%558","Tylototriton verrucosus","streamOriginoutsideGLGS",-1.79114352052965,-3.22759546141476,-0.5246746431675
"2.5%559","Tylototriton verrucosus","riverdy",-2.2289423761328,-5.3400121772256,0.83804955757774
"2.5%560","Tylototriton verrucosus","riverlc",-0.811199487039284,-3.05810875367812,1.31612754721837
"2.5%561","Tylototriton verrucosus","rivernu",-6.57655442237291,-10.2736824667657,-2.91267398058765
"2.5%562","Tylototriton verrucosus","Regional_DivisionNorthwest",-8.49153245649237,-13.6330942887262,-3.57516761240604
"2.5%563","Tylototriton verrucosus","Regional_DivisionSouthwest",-5.81700249125504,-9.2699821918903,-2.4327779993905
"2.5%564","Tylototriton shanjing","annual_precipitation",1.58267392581688,0.6469528552603,2.6203338414421
"2.5%565","Tylototriton shanjing","mean_temperature",-0.0654817441400322,-0.990703746921125,0.854383632388173
"2.5%566","Tylototriton shanjing","Percent_of_forest_cover_1km",0.823701046267361,0.0883035202149615,1.67628737765472
"2.5%567","Tylototriton shanjing","Human_modification_1km",0.870905064516821,0.110731535028875,1.77994624655054
"2.5%568","Tylototriton shanjing","Patch_density_1km",-0.888120411068375,-1.73282617728662,-0.141246534089575
"2.5%569","Tylototriton shanjing","Edge_density_1km",0.539286346395839,-0.016762268654815,1.21211692410008
"2.5%570","Tylototriton shanjing","streamOriginoutsideGLGS",-1.9325078212152,-3.41884213807713,-0.611356263292876
"2.5%571","Tylototriton shanjing","riverdy",-2.18068876535936,-5.19797666501163,0.82150103801815
"2.5%572","Tylototriton shanjing","riverlc",-0.996194464819815,-3.33637029494277,1.27677145000755
"2.5%573","Tylototriton shanjing","rivernu",-7.1039445551927,-10.8539472682355,-3.50235329971772
"2.5%574","Tylototriton shanjing","Regional_DivisionNorthwest",-9.20741114703652,-14.3749850610826,-4.20167440003675
"2.5%575","Tylototriton shanjing","Regional_DivisionSouthwest",-6.33961809425561,-9.84590969428015,-2.88581807974018
