"","species","covariate","mean_effect","lower_95","upper_95"
"1","Cyprinus rubrofuscus","Reservoir_downstreamyes",0.794857831739882,-0.814696094140957,2.56006222008315
"2","Cyprinus rubrofuscus","riverOriginoutsideGLGS",-0.383444647611135,-1.33562726150049,0.49865803131895
"3","Cyprinus rubrofuscus","riverdy",0.908053895419569,-0.626225529611345,2.28768055447889
"4","Cyprinus rubrofuscus","riverlc",1.27912575642814,0.320252466460691,2.30522676777618
"5","Cyprinus rubrofuscus","rivernu",0.508683368336782,-0.839331560471605,2.13085295758434
"6","Cyprinus rubrofuscus","scale(Edge_density_1km)",0.0962690305878388,-0.446899565999466,0.616076561446202
"7","Cyprinus rubrofuscus","scale(Human_modification_1km)",0.385677860382591,-0.392117154548153,1.13621453038588
"8","Cyprinus rubrofuscus","scale(Patch_density_1km)",0.153206430016136,-0.348941641674638,0.694978216950531
"9","Cyprinus rubrofuscus","scale(Percent_of_forest_cover_1km)",-0.0999780523735984,-0.763026061122244,0.506739175113604
"10","Cyprinus rubrofuscus","scale(TEMP)",0.0455574505069578,-0.698819999244682,0.741609454074267
"11","Cyprinus rubrofuscus","scale(annual_precipitation)",-0.0537407545558864,-0.638561643337805,0.541200341968414
"12","Cyprinus rubrofuscus","scale(river_width)",0.705832206077849,-0.273741967126773,1.97166981585808
"13","Cyprinus rubrofuscus","scale(water_velocity)",0.111639866263153,-0.285976947897011,0.516066482608708
"14","Hemiculter leucisculus","Reservoir_downstreamyes",0.0856813900903087,-1.23415690712494,1.3815715559133
"15","Hemiculter leucisculus","riverOriginoutsideGLGS",-0.623800357314076,-1.68344319064498,0.260210023470952
"16","Hemiculter leucisculus","riverdy",0.979934146336299,-0.324058776021678,2.2970106319424
"17","Hemiculter leucisculus","riverlc",1.30422902321241,0.427697066778832,2.3583963821847
"18","Hemiculter leucisculus","rivernu",0.490657979217949,-0.792308362391319,1.88019946668891
"19","Hemiculter leucisculus","scale(Edge_density_1km)",0.166620373415317,-0.299179106459869,0.630564675440904
"20","Hemiculter leucisculus","scale(Human_modification_1km)",0.337949654182621,-0.401730954466507,1.12820757624835
"21","Hemiculter leucisculus","scale(Patch_density_1km)",0.0330317536400795,-0.42671800385404,0.513741107515263
"22","Hemiculter leucisculus","scale(Percent_of_forest_cover_1km)",-0.0894445696430609,-0.643540521175344,0.427059410092115
"23","Hemiculter leucisculus","scale(TEMP)",0.608453943803952,-0.0565948935961555,1.34614703087698
"24","Hemiculter leucisculus","scale(annual_precipitation)",-0.0657274254331789,-0.784677483827285,0.618574488279564
"25","Hemiculter leucisculus","scale(river_width)",0.524750694188959,-0.209589028376046,1.52408277879226
"26","Hemiculter leucisculus","scale(water_velocity)",0.163038406738673,-0.251124393701667,0.554464798039871
"27","Lepidocephalichthys berdmorei","Reservoir_downstreamyes",1.12322033816198,-0.0652290398536372,2.38763594838859
"28","Lepidocephalichthys berdmorei","riverOriginoutsideGLGS",-0.273193172482596,-1.19430839100119,0.592913184185505
"29","Lepidocephalichthys berdmorei","riverdy",1.99660790346768,0.765560328828212,3.45187639151781
"30","Lepidocephalichthys berdmorei","riverlc",1.26859359236066,0.364701092304574,2.21598697639742
"31","Lepidocephalichthys berdmorei","rivernu",-0.649400932389876,-2.18879528733969,0.770506991669379
"32","Lepidocephalichthys berdmorei","scale(Edge_density_1km)",0.177847319308928,-0.324033547210214,0.681047936680138
"33","Lepidocephalichthys berdmorei","scale(Human_modification_1km)",0.576914469692066,-0.143821303635122,1.30001983707582
"34","Lepidocephalichthys berdmorei","scale(Patch_density_1km)",-0.120568232046538,-0.576149531586112,0.335342640364882
"35","Lepidocephalichthys berdmorei","scale(Percent_of_forest_cover_1km)",-0.380241927536842,-1.00137063602008,0.142115354954206
"36","Lepidocephalichthys berdmorei","scale(TEMP)",0.314093977091645,-0.344793467955639,0.997494877154802
"37","Lepidocephalichthys berdmorei","scale(annual_precipitation)",0.353380756417098,-0.334694115216064,1.14337470100024
"38","Lepidocephalichthys berdmorei","scale(river_width)",1.05613093073526,0.248577992316378,2.1001675305875
"39","Lepidocephalichthys berdmorei","scale(water_velocity)",0.109055699487071,-0.296650622600406,0.519091496587591
"40","Danio roseus","Reservoir_downstreamyes",0.650335424552108,-0.612676421750746,1.93355649105594
"41","Danio roseus","riverOriginoutsideGLGS",-0.664388075943773,-1.7971676141932,0.19027579153906
"42","Danio roseus","riverdy",0.815286001616,-0.46370424514928,2.09014115294098
"43","Danio roseus","riverlc",1.20989056387588,0.334127967940555,2.12484088085948
"44","Danio roseus","rivernu",-0.0232601834584613,-1.39080349774102,1.34338418936766
"45","Danio roseus","scale(Edge_density_1km)",-0.0302791698176566,-0.563750531444278,0.450314189053334
"46","Danio roseus","scale(Human_modification_1km)",0.558306437828576,-0.14514157987467,1.29612465154625
"47","Danio roseus","scale(Patch_density_1km)",-0.0743753733551506,-0.566113308661914,0.387732428668171
"48","Danio roseus","scale(Percent_of_forest_cover_1km)",-0.121956581097381,-0.714244706052614,0.409276877956313
"49","Danio roseus","scale(TEMP)",0.227753301632865,-0.444220885344802,0.867061577311137
"50","Danio roseus","scale(annual_precipitation)",0.144332109604588,-0.507577781993262,0.855081339215364
"51","Danio roseus","scale(river_width)",0.439116959077194,-0.131017134846347,1.10590366694001
"52","Danio roseus","scale(water_velocity)",0.14699663156147,-0.240744489555593,0.542527404080079
"53","Placocheilus cryptonemus","Reservoir_downstreamyes",-0.22717277766887,-1.55320242640713,1.06885333705897
"54","Placocheilus cryptonemus","riverOriginoutsideGLGS",-0.476152821141894,-1.43043586491435,0.289251551271917
"55","Placocheilus cryptonemus","riverdy",0.173655261815441,-1.27468798321363,1.50245013121564
"56","Placocheilus cryptonemus","riverlc",1.28512864349217,0.336489309079693,2.29397430506309
"57","Placocheilus cryptonemus","rivernu",0.418361424334765,-0.872174615127262,1.7513178274447
"58","Placocheilus cryptonemus","scale(Edge_density_1km)",0.116889812997361,-0.360005980572666,0.570066397114478
"59","Placocheilus cryptonemus","scale(Human_modification_1km)",-0.257461412851853,-1.0853794681045,0.461522795188855
"60","Placocheilus cryptonemus","scale(Patch_density_1km)",-0.0245832927105354,-0.516234530930189,0.437829819347961
"61","Placocheilus cryptonemus","scale(Percent_of_forest_cover_1km)",0.14212335683158,-0.411335529230528,0.748261283267453
"62","Placocheilus cryptonemus","scale(TEMP)",-0.0897135079227065,-0.753950491329327,0.557911187938727
"63","Placocheilus cryptonemus","scale(annual_precipitation)",0.345798077374044,-0.274345475656298,0.985998916073645
"64","Placocheilus cryptonemus","scale(river_width)",0.839950334825588,0.157592827314724,1.81256743656263
"65","Placocheilus cryptonemus","scale(water_velocity)",0.127559009074253,-0.251831425737448,0.505974655219423
"66","Neosalanx taihuensis","Reservoir_downstreamyes",-0.0656515472693484,-1.82323808127143,1.52189368758388
"67","Neosalanx taihuensis","riverOriginoutsideGLGS",-0.326880671714598,-1.36509867073106,0.704013490180577
"68","Neosalanx taihuensis","riverdy",1.91577346030223,0.565800726326385,3.46430428368683
"69","Neosalanx taihuensis","riverlc",1.04627441372076,-0.0578632456920561,1.97410632723962
"70","Neosalanx taihuensis","rivernu",-0.234935738874949,-2.03684277954964,1.27307434864911
"71","Neosalanx taihuensis","scale(Edge_density_1km)",0.223788915695219,-0.279038245822881,0.761617264104608
"72","Neosalanx taihuensis","scale(Human_modification_1km)",0.279903449860819,-0.541311060812335,1.07196937253022
"73","Neosalanx taihuensis","scale(Patch_density_1km)",0.0794758611138639,-0.409804789389701,0.611177728819449
"74","Neosalanx taihuensis","scale(Percent_of_forest_cover_1km)",0.00681454126319172,-0.60829983849699,0.634235854165737
"75","Neosalanx taihuensis","scale(TEMP)",0.201555411828124,-0.579395684789695,0.96226008336776
"76","Neosalanx taihuensis","scale(annual_precipitation)",0.267073968539939,-0.482461657183704,1.10566116581337
"77","Neosalanx taihuensis","scale(river_width)",0.416335878267333,-0.263057361010733,1.2875495740804
"78","Neosalanx taihuensis","scale(water_velocity)",0.0453000729693628,-0.392647901835277,0.475988132138316
"79","Creteuchiloglanis kamengensis","Reservoir_downstreamyes",-0.0619351481785268,-1.47945761891674,1.45469429541205
"80","Creteuchiloglanis kamengensis","riverOriginoutsideGLGS",-0.286692855259207,-1.19761609687115,0.558641460784517
"81","Creteuchiloglanis kamengensis","riverdy",0.867021860568657,-0.572153365432173,2.19547415648379
"82","Creteuchiloglanis kamengensis","riverlc",1.22197452658103,0.272065916414946,2.17654050355931
"83","Creteuchiloglanis kamengensis","rivernu",1.64193633079517,0.200108530941177,3.19358561636756
"84","Creteuchiloglanis kamengensis","scale(Edge_density_1km)",0.239093147382112,-0.23186123823913,0.718126895272884
"85","Creteuchiloglanis kamengensis","scale(Human_modification_1km)",-0.114552254071662,-0.97253804545061,0.587874691291667
"86","Creteuchiloglanis kamengensis","scale(Patch_density_1km)",0.0807090266695812,-0.379828728925465,0.596857572385738
"87","Creteuchiloglanis kamengensis","scale(Percent_of_forest_cover_1km)",0.124068847794654,-0.45064698388424,0.72948520990954
"88","Creteuchiloglanis kamengensis","scale(TEMP)",-0.550924681858696,-1.44249197414276,0.19975592839453
"89","Creteuchiloglanis kamengensis","scale(annual_precipitation)",-0.219531174362221,-0.913920037428728,0.423878776589091
"90","Creteuchiloglanis kamengensis","scale(river_width)",-0.0119563665563692,-0.948145515152016,0.82119245199594
"91","Creteuchiloglanis kamengensis","scale(water_velocity)",0.260938083096447,-0.0986571419651031,0.667412577235875
"92","Oryzias sinensis","Reservoir_downstreamyes",-0.184955680044404,-1.73524730374876,1.23996720116952
"93","Oryzias sinensis","riverOriginoutsideGLGS",-0.0675187841039569,-1.03579404226048,0.998739052002256
"94","Oryzias sinensis","riverdy",0.807497351953766,-0.755198553290946,2.18407147178428
"95","Oryzias sinensis","riverlc",1.44386134062123,0.521851594281703,2.47601362857799
"96","Oryzias sinensis","rivernu",-0.512842843852536,-2.28795944748207,0.919341179155632
"97","Oryzias sinensis","scale(Edge_density_1km)",0.0111975188778181,-0.515950367670951,0.527448884186375
"98","Oryzias sinensis","scale(Human_modification_1km)",0.383698280587667,-0.371402138463275,1.15800585141824
"99","Oryzias sinensis","scale(Patch_density_1km)",-0.0717447491703691,-0.63005744803388,0.435983376502627
"100","Oryzias sinensis","scale(Percent_of_forest_cover_1km)",-0.289411107342495,-0.95164081107045,0.2844080791259
"101","Oryzias sinensis","scale(TEMP)",0.300257283746957,-0.418168420287908,1.03648055539214
"102","Oryzias sinensis","scale(annual_precipitation)",-0.188528962280432,-0.961988169991614,0.569197804915525
"103","Oryzias sinensis","scale(river_width)",-0.284876461570616,-1.14751220609879,0.41921984758204
"104","Oryzias sinensis","scale(water_velocity)",0.0494483681227951,-0.373441005719776,0.476486965483091
"105","Ictalurus punctatus","Reservoir_downstreamyes",-0.0181881304251711,-1.58741332606045,1.46592239253027
"106","Ictalurus punctatus","riverOriginoutsideGLGS",-0.112451170314202,-1.10365999925062,0.964671947424807
"107","Ictalurus punctatus","riverdy",1.27650347987944,-0.189913542385798,2.70408780750021
"108","Ictalurus punctatus","riverlc",1.2717575498571,0.349080499300033,2.28836800519147
"109","Ictalurus punctatus","rivernu",-0.368253455904719,-2.00111499449564,1.19198653842951
"110","Ictalurus punctatus","scale(Edge_density_1km)",0.136980092022278,-0.393028673288066,0.643082960343165
"111","Ictalurus punctatus","scale(Human_modification_1km)",0.554914887118657,-0.246277001639949,1.37883562160389
"112","Ictalurus punctatus","scale(Patch_density_1km)",-0.0778054754194574,-0.605276047885778,0.422483060963896
"113","Ictalurus punctatus","scale(Percent_of_forest_cover_1km)",-0.159414178378104,-0.83836569991941,0.44302984802086
"114","Ictalurus punctatus","scale(TEMP)",0.407092273656711,-0.304390767990936,1.23240389036565
"115","Ictalurus punctatus","scale(annual_precipitation)",0.0845210567148153,-0.693938059132213,0.883158550168085
"116","Ictalurus punctatus","scale(river_width)",0.897063392863467,-0.0816954805010012,2.22864162419808
"117","Ictalurus punctatus","scale(water_velocity)",0.0355480402540986,-0.399532489334044,0.440769811696056
"118","Triplophysa stenura","Reservoir_downstreamyes",-0.431429060740031,-2.2372906388406,1.17377193739552
"119","Triplophysa stenura","riverOriginoutsideGLGS",-0.587693272647554,-1.73623487994378,0.35076729515973
"120","Triplophysa stenura","riverdy",0.551268841684749,-1.16745796766723,2.08666735651842
"121","Triplophysa stenura","riverlc",1.23535441691273,0.262401031178555,2.26836135220065
"122","Triplophysa stenura","rivernu",0.285221933272515,-1.16389933961305,1.74645687284632
"123","Triplophysa stenura","scale(Edge_density_1km)",0.21685746086347,-0.297406738546755,0.735521381701483
"124","Triplophysa stenura","scale(Human_modification_1km)",0.314510403831861,-0.486959855659746,1.1120284863603
"125","Triplophysa stenura","scale(Patch_density_1km)",0.137084468907953,-0.339572001953248,0.688131972966764
"126","Triplophysa stenura","scale(Percent_of_forest_cover_1km)",-0.0962362957207108,-0.783656369135158,0.530470976806694
"127","Triplophysa stenura","scale(TEMP)",-0.110765073105742,-0.898762185919581,0.598571709773829
"128","Triplophysa stenura","scale(annual_precipitation)",-0.396325576563099,-1.21921741617111,0.30345255851689
"129","Triplophysa stenura","scale(river_width)",-0.192097015045615,-1.32939151179737,0.769179715875504
"130","Triplophysa stenura","scale(water_velocity)",0.0576481822573673,-0.384292419928897,0.461381771931328
"131","Pteronemacheilus meridionalis","Reservoir_downstreamyes",-0.669332900728043,-1.73129725070433,0.406911923549981
"132","Pteronemacheilus meridionalis","riverOriginoutsideGLGS",-0.312093245844466,-1.13386609766395,0.497658790713098
"133","Pteronemacheilus meridionalis","riverdy",1.58451732543858,0.515336395357108,2.70644193889886
"134","Pteronemacheilus meridionalis","riverlc",1.35341408995273,0.488981200518667,2.30742587529798
"135","Pteronemacheilus meridionalis","rivernu",0.487928043036175,-0.652116797390202,1.65938007983509
"136","Pteronemacheilus meridionalis","scale(Edge_density_1km)",0.38385443198072,-0.0694497215646094,0.867213714353725
"137","Pteronemacheilus meridionalis","scale(Human_modification_1km)",0.815938465776633,0.200239514691056,1.49424166602646
"138","Pteronemacheilus meridionalis","scale(Patch_density_1km)",0.106413824150502,-0.310341895730578,0.545442950762157
"139","Pteronemacheilus meridionalis","scale(Percent_of_forest_cover_1km)",-0.0504372226635939,-0.559656428195366,0.452891664094719
"140","Pteronemacheilus meridionalis","scale(TEMP)",0.296290659672958,-0.278925954727733,0.91536573994326
"141","Pteronemacheilus meridionalis","scale(annual_precipitation)",0.152683964918022,-0.380046675843293,0.740662998432174
"142","Pteronemacheilus meridionalis","scale(river_width)",-0.175219721309316,-0.764868490799293,0.490910884468411
"143","Pteronemacheilus meridionalis","scale(water_velocity)",0.048161374895516,-0.320896536502734,0.396347494307087
"144","Oreochromis mossambicus","Reservoir_downstreamyes",-0.173172326327102,-1.26152842842756,0.904801415442063
"145","Oreochromis mossambicus","riverOriginoutsideGLGS",-0.334118091455713,-1.19378043707973,0.411104809050259
"146","Oreochromis mossambicus","riverdy",0.261221441969877,-0.90020144982396,1.40041975872169
"147","Oreochromis mossambicus","riverlc",1.21434764615484,0.297875031116753,2.14184987469196
"148","Oreochromis mossambicus","rivernu",0.242339790654447,-0.883021773852728,1.36790698735027
"149","Oreochromis mossambicus","scale(Edge_density_1km)",0.324348564086895,-0.107114908450006,0.776664305092694
"150","Oreochromis mossambicus","scale(Human_modification_1km)",0.750797946701635,0.126968966221636,1.41484538075699
"151","Oreochromis mossambicus","scale(Patch_density_1km)",-0.0813239221219827,-0.521949131501792,0.354074194474824
"152","Oreochromis mossambicus","scale(Percent_of_forest_cover_1km)",-0.207003224792676,-0.721063855767297,0.284194198445282
"153","Oreochromis mossambicus","scale(TEMP)",0.302909412117706,-0.301237478760179,0.920400771322629
"154","Oreochromis mossambicus","scale(annual_precipitation)",0.0013040703321095,-0.561693134014608,0.558730153785023
"155","Oreochromis mossambicus","scale(river_width)",0.388357747304998,-0.207744447840213,1.04957787064954
"156","Oreochromis mossambicus","scale(water_velocity)",0.330410249754822,-0.043947442153705,0.743402324492514
"157","Dario dayingensis","Reservoir_downstreamyes",0.628213959322286,-0.732453674232001,1.97946743538644
"158","Dario dayingensis","riverOriginoutsideGLGS",-0.086935549119149,-1.02752685218431,0.89163927365889
"159","Dario dayingensis","riverdy",1.0030395921933,-0.497219020528232,2.37396858811352
"160","Dario dayingensis","riverlc",1.21698003779301,0.316567365596818,2.18038165204852
"161","Dario dayingensis","rivernu",0.205861291963144,-1.22274467619766,1.60892125107667
"162","Dario dayingensis","scale(Edge_density_1km)",0.100527380345826,-0.413487424630807,0.604065302334708
"163","Dario dayingensis","scale(Human_modification_1km)",0.275273717815832,-0.504123653908764,1.04336438170287
"164","Dario dayingensis","scale(Patch_density_1km)",0.00728722434307247,-0.471213987503714,0.495070716535504
"165","Dario dayingensis","scale(Percent_of_forest_cover_1km)",-0.151233258207891,-0.744033965403244,0.423666302149314
"166","Dario dayingensis","scale(TEMP)",0.125356593458394,-0.616878316080073,0.847131262695097
"167","Dario dayingensis","scale(annual_precipitation)",-0.0802121207603294,-0.822091363332843,0.628266373595574
"168","Dario dayingensis","scale(river_width)",-0.229919843191865,-1.18347476251248,0.48987855882928
"169","Dario dayingensis","scale(water_velocity)",0.100958684171765,-0.29224172546973,0.500165263372517
"170","Labeo rohita","Reservoir_downstreamyes",0.147219128056842,-1.35524764383948,1.65425844546454
"171","Labeo rohita","riverOriginoutsideGLGS",-0.16100718728652,-1.12934642566259,0.802839791002104
"172","Labeo rohita","riverdy",1.12915318654962,-0.300991995476267,2.58101068346108
"173","Labeo rohita","riverlc",1.29102468297678,0.37490617731501,2.29491234686821
"174","Labeo rohita","rivernu",-0.344332347806102,-2.0837029208087,1.12404362101795
"175","Labeo rohita","scale(Edge_density_1km)",0.0977977787246989,-0.452762819234191,0.607884458458944
"176","Labeo rohita","scale(Human_modification_1km)",0.591698159999098,-0.186566119174155,1.4678183717337
"177","Labeo rohita","scale(Patch_density_1km)",-0.122032756246212,-0.660797683842516,0.397544969502984
"178","Labeo rohita","scale(Percent_of_forest_cover_1km)",-0.117561660782874,-0.733943670212452,0.493078605936326
"179","Labeo rohita","scale(TEMP)",0.482629807648444,-0.254974486722582,1.30018425559796
"180","Labeo rohita","scale(annual_precipitation)",0.0037902633171511,-0.781637102564612,0.796097649268012
"181","Labeo rohita","scale(river_width)",0.828450665561342,-0.0762257112330336,2.10952636239327
"182","Labeo rohita","scale(water_velocity)",0.0640389223460127,-0.364117625568243,0.48713717856869
"183","Channa maculata","Reservoir_downstreamyes",-0.284083133051443,-1.92895558985612,1.1924114927618
"184","Channa maculata","riverOriginoutsideGLGS",-0.048865207423834,-0.967054669286871,1.06363843033997
"185","Channa maculata","riverdy",1.55636586719945,0.171520591167837,3.09727027578272
"186","Channa maculata","riverlc",1.17654792158707,0.230190149412611,2.12961806222674
"187","Channa maculata","rivernu",-0.417108051630928,-2.13550342483402,1.0913293892848
"188","Channa maculata","scale(Edge_density_1km)",0.10495480402668,-0.396921454119367,0.56278257290162
"189","Channa maculata","scale(Human_modification_1km)",0.488381595435106,-0.259899080179504,1.28907002484527
"190","Channa maculata","scale(Patch_density_1km)",-0.0821823283041116,-0.610182798060841,0.402587651349458
"191","Channa maculata","scale(Percent_of_forest_cover_1km)",-0.0448426608596924,-0.620339902647827,0.546679823842738
"192","Channa maculata","scale(TEMP)",0.528332345566716,-0.211364068475394,1.34499345772011
"193","Channa maculata","scale(annual_precipitation)",-0.0335782910163753,-0.756912543717838,0.70980465142786
"194","Channa maculata","scale(river_width)",0.0580863124261279,-0.706007674710012,0.724120982951109
"195","Channa maculata","scale(water_velocity)",0.055652230037857,-0.375339258321189,0.479088041820354
"196","Clarias fuscus","Reservoir_downstreamyes",0.0737223724945227,-1.29065992500687,1.44681463885184
"197","Clarias fuscus","riverOriginoutsideGLGS",-0.0580154504620519,-0.946755695713314,0.976594217080786
"198","Clarias fuscus","riverdy",1.85227055368904,0.511426354805357,3.27691759643742
"199","Clarias fuscus","riverlc",1.16897856978694,0.178009478749555,2.03934992930029
"200","Clarias fuscus","rivernu",-0.442812632859421,-2.18098287271356,1.03953464400827
"201","Clarias fuscus","scale(Edge_density_1km)",0.0366560372894832,-0.505306714763763,0.526030257645986
"202","Clarias fuscus","scale(Human_modification_1km)",0.433536202381094,-0.318014185295541,1.22567614433685
"203","Clarias fuscus","scale(Patch_density_1km)",-0.0303463295255421,-0.526467751682408,0.457288508521562
"204","Clarias fuscus","scale(Percent_of_forest_cover_1km)",-0.315595719321463,-0.929368444223553,0.241224340705799
"205","Clarias fuscus","scale(TEMP)",0.562259014214026,-0.133543034905367,1.35677209944564
"206","Clarias fuscus","scale(annual_precipitation)",0.316664177440817,-0.396467727108482,1.10920816733
"207","Clarias fuscus","scale(river_width)",0.209834889497936,-0.477621841054498,1.22118566417508
"208","Clarias fuscus","scale(water_velocity)",-0.00525101548945876,-0.453636200650971,0.397632377573557
"209","Hyporhamphus intermedius","Reservoir_downstreamyes",1.2773532284477,-0.360850496572029,3.03545691955831
"210","Hyporhamphus intermedius","riverOriginoutsideGLGS",-0.185663737678,-1.17444250061096,0.814090162885465
"211","Hyporhamphus intermedius","riverdy",0.951017281547164,-0.626675045886631,2.40254197949512
"212","Hyporhamphus intermedius","riverlc",1.05221993609523,-0.0120677062157205,2.06047376549456
"213","Hyporhamphus intermedius","rivernu",0.601260388540044,-0.97679162495907,2.31145209774876
"214","Hyporhamphus intermedius","scale(Edge_density_1km)",0.25380306007865,-0.227865233473811,0.817359194622601
"215","Hyporhamphus intermedius","scale(Human_modification_1km)",0.349198164093928,-0.511894455496063,1.19506822993387
"216","Hyporhamphus intermedius","scale(Patch_density_1km)",0.0686248203143579,-0.442046954291473,0.591161056259459
"217","Hyporhamphus intermedius","scale(Percent_of_forest_cover_1km)",0.212157763085148,-0.420597253963276,0.917426581972549
"218","Hyporhamphus intermedius","scale(TEMP)",0.0250050286876135,-0.813466245435213,0.793997325446235
"219","Hyporhamphus intermedius","scale(annual_precipitation)",-0.338095576021212,-1.16239154939399,0.396761062997109
"220","Hyporhamphus intermedius","scale(river_width)",0.5264999211119,-0.193654438387725,1.34434256985494
"221","Hyporhamphus intermedius","scale(water_velocity)",0.0278373565626596,-0.432794793546811,0.435886148228386
"222","Mastacembelus armatus","Reservoir_downstreamyes",-0.254168800297623,-1.78267264742234,1.33079076972075
"223","Mastacembelus armatus","riverOriginoutsideGLGS",-0.472095755735207,-1.63995701962857,0.458935115382099
"224","Mastacembelus armatus","riverdy",1.04470834867803,-0.358065533456386,2.46061020015564
"225","Mastacembelus armatus","riverlc",1.36432005852214,0.499667409028421,2.41271336922344
"226","Mastacembelus armatus","rivernu",-0.397333504339771,-2.20888069538393,1.23115185293704
"227","Mastacembelus armatus","scale(Edge_density_1km)",0.124629035126979,-0.389079253737928,0.624063931688931
"228","Mastacembelus armatus","scale(Human_modification_1km)",0.241062642183095,-0.553495689326188,0.992956128323235
"229","Mastacembelus armatus","scale(Patch_density_1km)",0.0313296175784603,-0.49152573988288,0.54146847758238
"230","Mastacembelus armatus","scale(Percent_of_forest_cover_1km)",0.131316701007872,-0.438723062298611,0.756425711998628
"231","Mastacembelus armatus","scale(TEMP)",0.537832716932395,-0.18273032396243,1.38409850152627
"232","Mastacembelus armatus","scale(annual_precipitation)",-0.0558782799280594,-0.806810447858634,0.69754160441086
"233","Mastacembelus armatus","scale(river_width)",0.56813833506744,-0.0390055412745098,1.32273105165564
"234","Mastacembelus armatus","scale(water_velocity)",0.0256093649180607,-0.412645068676106,0.439288154901271
"235","Anguilla nebulosa","Reservoir_downstreamyes",-0.576871453778351,-2.26987533069548,0.895767826007404
"236","Anguilla nebulosa","riverOriginoutsideGLGS",-0.717765368449755,-1.97478195222237,0.241788347660614
"237","Anguilla nebulosa","riverdy",1.74477036753929,0.317383251329334,3.27097232626519
"238","Anguilla nebulosa","riverlc",1.13210632584741,0.148085775799957,2.10289558108802
"239","Anguilla nebulosa","rivernu",-0.298146564004488,-2.02858977304917,1.24137793868747
"240","Anguilla nebulosa","scale(Edge_density_1km)",0.0640179861931151,-0.506772374655304,0.580966694099249
"241","Anguilla nebulosa","scale(Human_modification_1km)",0.220281533307239,-0.59928060155431,0.9768699327311
"242","Anguilla nebulosa","scale(Patch_density_1km)",-0.10661640543482,-0.644482304408094,0.405023199972822
"243","Anguilla nebulosa","scale(Percent_of_forest_cover_1km)",0.301715919737135,-0.293186858799576,0.99543110397906
"244","Anguilla nebulosa","scale(TEMP)",0.476658892200554,-0.204241774812099,1.21352539989069
"245","Anguilla nebulosa","scale(annual_precipitation)",0.259527471381826,-0.452559098148302,1.12171029082911
"246","Anguilla nebulosa","scale(river_width)",-0.101728576829726,-1.17145812985467,0.660604278218798
"247","Anguilla nebulosa","scale(water_velocity)",0.203120267802296,-0.228206999570817,0.646854849909122
"248","Glaridoglanis andersonii","Reservoir_downstreamyes",0.683420410777608,-0.592297181453454,2.00885250395406
"249","Glaridoglanis andersonii","riverOriginoutsideGLGS",-0.34984372889296,-1.33897515770575,0.526822837939204
"250","Glaridoglanis andersonii","riverdy",2.0240858440368,0.782766886441765,3.51165645924051
"251","Glaridoglanis andersonii","riverlc",1.08738528258551,0.0396731465928667,2.01783151899384
"252","Glaridoglanis andersonii","rivernu",-0.0475593455328492,-1.60714837464302,1.36132507233601
"253","Glaridoglanis andersonii","scale(Edge_density_1km)",0.196339213373658,-0.286173845523834,0.683880597974694
"254","Glaridoglanis andersonii","scale(Human_modification_1km)",-0.162197657613569,-0.976788577493989,0.586406978385329
"255","Glaridoglanis andersonii","scale(Patch_density_1km)",0.0618628321937453,-0.428887437281999,0.582385591115224
"256","Glaridoglanis andersonii","scale(Percent_of_forest_cover_1km)",-0.043230814705529,-0.627299848798895,0.514137576789993
"257","Glaridoglanis andersonii","scale(TEMP)",-0.0760617231632129,-0.805115045897758,0.572670689070833
"258","Glaridoglanis andersonii","scale(annual_precipitation)",0.429780460382008,-0.267343266327565,1.21459789453457
"259","Glaridoglanis andersonii","scale(river_width)",-0.298584694555326,-1.31988548094402,0.450832507985143
"260","Glaridoglanis andersonii","scale(water_velocity)",0.068298481948601,-0.339901021345467,0.467105313119088
"261","Glyptothorax burmanicus","Reservoir_downstreamyes",0.142574247429722,-1.01507214449856,1.3127551989029
"262","Glyptothorax burmanicus","riverOriginoutsideGLGS",-0.333519444143179,-1.22166320684919,0.542160661625625
"263","Glyptothorax burmanicus","riverdy",1.98361654211412,0.735224527632171,3.3129712093378
"264","Glyptothorax burmanicus","riverlc",1.21020729387561,0.226313473295756,2.12747150042441
"265","Glyptothorax burmanicus","rivernu",-0.350377303570283,-1.80568936772237,0.907283665207798
"266","Glyptothorax burmanicus","scale(Edge_density_1km)",0.0259395580217765,-0.464951537311976,0.480041684569667
"267","Glyptothorax burmanicus","scale(Human_modification_1km)",0.487104390599729,-0.164970095726975,1.19627833361763
"268","Glyptothorax burmanicus","scale(Patch_density_1km)",-0.0204780767900008,-0.484099451697156,0.458630819664411
"269","Glyptothorax burmanicus","scale(Percent_of_forest_cover_1km)",0.32826324893831,-0.17934884906551,0.949053939714641
"270","Glyptothorax burmanicus","scale(TEMP)",0.849167477777172,0.222941225188214,1.54962265372386
"271","Glyptothorax burmanicus","scale(annual_precipitation)",0.0952341002001301,-0.511583500190176,0.727137826495101
"272","Glyptothorax burmanicus","scale(river_width)",0.277511000776896,-0.245308575787069,0.893858019814865
"273","Glyptothorax burmanicus","scale(water_velocity)",0.0409352554932397,-0.349964104830686,0.40113994524978
"274","Hypophthalmichthys nobilis","Reservoir_downstreamyes",-0.126366956597775,-1.46149483698313,1.0998033001552
"275","Hypophthalmichthys nobilis","riverOriginoutsideGLGS",-0.00494908709925115,-0.917929850657996,0.931977297811117
"276","Hypophthalmichthys nobilis","riverdy",1.33092601092949,0.119606916937332,2.59972635670818
"277","Hypophthalmichthys nobilis","riverlc",1.0867251265525,0.108512182971393,1.96504025568191
"278","Hypophthalmichthys nobilis","rivernu",0.482817791186428,-0.77706163314562,1.80460797139195
"279","Hypophthalmichthys nobilis","scale(Edge_density_1km)",0.260691826846718,-0.170927905927745,0.751840203266636
"280","Hypophthalmichthys nobilis","scale(Human_modification_1km)",0.547003409570641,-0.136758594507282,1.23365000023571
"281","Hypophthalmichthys nobilis","scale(Patch_density_1km)",0.0227176520964133,-0.424544537750361,0.468055626828392
"282","Hypophthalmichthys nobilis","scale(Percent_of_forest_cover_1km)",-0.366128260921091,-0.929409259703261,0.167806363678137
"283","Hypophthalmichthys nobilis","scale(TEMP)",0.277845418018848,-0.359862066386591,0.910382530064325
"284","Hypophthalmichthys nobilis","scale(annual_precipitation)",-0.388848395985537,-1.08582744628853,0.315581860101486
"285","Hypophthalmichthys nobilis","scale(river_width)",0.853820982927364,0.182069187841139,1.65253444065862
"286","Hypophthalmichthys nobilis","scale(water_velocity)",0.0669689031260069,-0.330523535443289,0.460523950706389
"287","Rhinogobius similis","Reservoir_downstreamyes",0.297481899371268,-0.982238589291714,1.62627177147651
"288","Rhinogobius similis","riverOriginoutsideGLGS",-0.159303528043233,-1.04894490700433,0.769842195894125
"289","Rhinogobius similis","riverdy",1.2399280403742,-0.081478037374893,2.6609993424505
"290","Rhinogobius similis","riverlc",1.23205912145773,0.269174589585878,2.13099942194426
"291","Rhinogobius similis","rivernu",0.41033393116591,-0.911678899938392,1.86280834129267
"292","Rhinogobius similis","scale(Edge_density_1km)",0.0762005955926413,-0.413080883432144,0.576334862825799
"293","Rhinogobius similis","scale(Human_modification_1km)",0.526720718396505,-0.228925821556961,1.29437268164215
"294","Rhinogobius similis","scale(Patch_density_1km)",-0.0461334275543006,-0.546652384927881,0.421923622067268
"295","Rhinogobius similis","scale(Percent_of_forest_cover_1km)",-0.148264204227611,-0.734836641162782,0.419021539478276
"296","Rhinogobius similis","scale(TEMP)",0.373180445918045,-0.290476489129568,1.03361385087979
"297","Rhinogobius similis","scale(annual_precipitation)",0.0305111639379836,-0.673270113568904,0.730723390595358
"298","Rhinogobius similis","scale(river_width)",0.705957523617048,-0.12270173595043,1.8222328459346
"299","Rhinogobius similis","scale(water_velocity)",0.130972565164124,-0.264568449008936,0.516518242039554
"300","Botia histrionica","Reservoir_downstreamyes",0.279278194504512,-1.4417041882985,1.97576794076433
"301","Botia histrionica","riverOriginoutsideGLGS",-0.2763428145902,-1.40102722657335,0.729292889666915
"302","Botia histrionica","riverdy",0.694954577514916,-1.07009241543815,2.26342785763694
"303","Botia histrionica","riverlc",1.33467036165074,0.355863763164975,2.41110048733109
"304","Botia histrionica","rivernu",-0.21633129726648,-1.91560967683134,1.35593266756074
"305","Botia histrionica","scale(Edge_density_1km)",0.19811247402865,-0.322506651443113,0.770862188241313
"306","Botia histrionica","scale(Human_modification_1km)",0.418095475283019,-0.454047889050822,1.33385382564687
"307","Botia histrionica","scale(Patch_density_1km)",0.021272832583102,-0.485391545933668,0.540339144093862
"308","Botia histrionica","scale(Percent_of_forest_cover_1km)",0.0187837502018084,-0.653463690144161,0.680301816319677
"309","Botia histrionica","scale(TEMP)",0.352001475042539,-0.452096677954804,1.17003496793796
"310","Botia histrionica","scale(annual_precipitation)",-0.121522710738652,-0.974285192662087,0.695459910532891
"311","Botia histrionica","scale(river_width)",0.761784168610981,-0.140896859514905,1.95097629442958
"312","Botia histrionica","scale(water_velocity)",0.0784465340311451,-0.385667475610424,0.515896578213892
"313","Percocypris tchangi","Reservoir_downstreamyes",-1.05754242569588,-2.19100824201011,0.0687499695976322
"314","Percocypris tchangi","riverOriginoutsideGLGS",-0.494799932410492,-1.299145618114,0.251676021747158
"315","Percocypris tchangi","riverdy",0.861363707925531,-0.327304045969624,1.89897433090695
"316","Percocypris tchangi","riverlc",1.22237139254898,0.343758433664056,2.11748387407152
"317","Percocypris tchangi","rivernu",-0.668892740541502,-1.88104299267702,0.505429066215563
"318","Percocypris tchangi","scale(Edge_density_1km)",0.194998479412278,-0.248833294488007,0.665719958780309
"319","Percocypris tchangi","scale(Human_modification_1km)",-0.0970469426569848,-0.724505287320652,0.492179394225324
"320","Percocypris tchangi","scale(Patch_density_1km)",0.383126723589557,-0.0446015060724971,0.884199032236895
"321","Percocypris tchangi","scale(Percent_of_forest_cover_1km)",0.0319794017915228,-0.443484973886318,0.528337347823303
"322","Percocypris tchangi","scale(TEMP)",-0.221362401042202,-0.824424398498047,0.337837948951297
"323","Percocypris tchangi","scale(annual_precipitation)",-0.0804973345857212,-0.535597128688542,0.370726830116126
"324","Percocypris tchangi","scale(river_width)",1.04871034608606,0.177243495498993,2.20569672288182
"325","Percocypris tchangi","scale(water_velocity)",0.168924667111826,-0.184775618901817,0.557694930448489
"326","Homatula anteridorsalis","Reservoir_downstreamyes",-0.498008089521069,-2.22589092190713,1.03220753377529
"327","Homatula anteridorsalis","riverOriginoutsideGLGS",-0.52206925923609,-1.71036113201915,0.416016990529199
"328","Homatula anteridorsalis","riverdy",1.44527524942754,-0.0410942983907379,2.96010531937895
"329","Homatula anteridorsalis","riverlc",1.08369213725389,-0.0476522655683631,1.99673592572738
"330","Homatula anteridorsalis","rivernu",0.173454139828569,-1.45097450897481,1.69059974369109
"331","Homatula anteridorsalis","scale(Edge_density_1km)",0.0366623259287094,-0.516399763975603,0.547229955425864
"332","Homatula anteridorsalis","scale(Human_modification_1km)",0.146907506637149,-0.750722205558715,0.946519732351883
"333","Homatula anteridorsalis","scale(Patch_density_1km)",-0.0239453885341697,-0.557074666801961,0.509148697581166
"334","Homatula anteridorsalis","scale(Percent_of_forest_cover_1km)",-0.00191300385149428,-0.63497897437987,0.624297529704227
"335","Homatula anteridorsalis","scale(TEMP)",0.38167954908158,-0.364332685785321,1.18819450015846
"336","Homatula anteridorsalis","scale(annual_precipitation)",-0.0696410980224057,-0.836775483118703,0.693222387490506
"337","Homatula anteridorsalis","scale(river_width)",-0.149997770737922,-1.20500791880749,0.689876794628178
"338","Homatula anteridorsalis","scale(water_velocity)",0.0411983487051739,-0.391781661874172,0.468791884802269
"339","Crossocheilus burmanicus","Reservoir_downstreamyes",0.696841824400994,-0.713933606294542,2.18323631231962
"340","Crossocheilus burmanicus","riverOriginoutsideGLGS",-0.119168703925034,-1.02909618010997,0.801541446448291
"341","Crossocheilus burmanicus","riverdy",0.958307535249215,-0.503395436316389,2.56475340584294
"342","Crossocheilus burmanicus","riverlc",1.42327353620847,0.559923708913522,2.53941309955839
"343","Crossocheilus burmanicus","rivernu",-0.238397490559489,-1.75524065690602,1.19434929151149
"344","Crossocheilus burmanicus","scale(Edge_density_1km)",-0.0373688981254703,-0.561135344730931,0.434476177244252
"345","Crossocheilus burmanicus","scale(Human_modification_1km)",0.542828443940399,-0.217092550863111,1.39380494108609
"346","Crossocheilus burmanicus","scale(Patch_density_1km)",0.0770054386822309,-0.393112659267496,0.570814861652475
"347","Crossocheilus burmanicus","scale(Percent_of_forest_cover_1km)",0.166428879118392,-0.463359732475565,0.775078751855218
"348","Crossocheilus burmanicus","scale(TEMP)",0.527344297365575,-0.149889648015826,1.20551042449721
"349","Crossocheilus burmanicus","scale(annual_precipitation)",-0.040476823985048,-0.713896999036012,0.584836193541032
"350","Crossocheilus burmanicus","scale(river_width)",0.402106054729961,-0.37555972323585,1.56225563994439
"351","Crossocheilus burmanicus","scale(water_velocity)",0.000527804704835625,-0.403173882275515,0.390977681696656
"352","Cirrhinus mrigala","Reservoir_downstreamyes",0.126027719005268,-1.55612185351112,1.87658155184171
"353","Cirrhinus mrigala","riverOriginoutsideGLGS",-0.259451628420765,-1.25849517403346,0.713462991553583
"354","Cirrhinus mrigala","riverdy",0.626260587049003,-1.12070979278155,2.13320972379139
"355","Cirrhinus mrigala","riverlc",1.3781869024982,0.466659073875548,2.44140546041888
"356","Cirrhinus mrigala","rivernu",-0.292775012974558,-2.14507684583716,1.1836477074099
"357","Cirrhinus mrigala","scale(Edge_density_1km)",0.12618292316359,-0.413679494252678,0.652773510783054
"358","Cirrhinus mrigala","scale(Human_modification_1km)",0.63754367890967,-0.17874755260744,1.53116420867709
"359","Cirrhinus mrigala","scale(Patch_density_1km)",-0.0523278909889376,-0.596269265873111,0.468163549490082
"360","Cirrhinus mrigala","scale(Percent_of_forest_cover_1km)",-0.0780412674946261,-0.765293266090898,0.593762699084007
"361","Cirrhinus mrigala","scale(TEMP)",0.500192959626504,-0.263767676975155,1.36655411551511
"362","Cirrhinus mrigala","scale(annual_precipitation)",-0.101552265996884,-0.875047278623119,0.646797600284912
"363","Cirrhinus mrigala","scale(river_width)",0.668138245689938,-0.220800504584655,1.86865235152144
"364","Cirrhinus mrigala","scale(water_velocity)",0.083095260500495,-0.368499232203895,0.50369623005488
"365","Megalobrama amblycephala","Reservoir_downstreamyes",0.624207021053382,-0.650872513106602,1.94243923565408
"366","Megalobrama amblycephala","riverOriginoutsideGLGS",0.0494652056930773,-0.870467987508137,1.1100524797612
"367","Megalobrama amblycephala","riverdy",1.09983157764179,-0.279411921478061,2.45668714395642
"368","Megalobrama amblycephala","riverlc",1.23269597172894,0.297458643268821,2.15705221364072
"369","Megalobrama amblycephala","rivernu",0.078957140645385,-1.34341772330919,1.41449010558249
"370","Megalobrama amblycephala","scale(Edge_density_1km)",0.174494585711633,-0.321568590131552,0.689295497888425
"371","Megalobrama amblycephala","scale(Human_modification_1km)",0.548810813300713,-0.267121894242652,1.39409509680952
"372","Megalobrama amblycephala","scale(Patch_density_1km)",0.0410684278169837,-0.432691076811311,0.495951634424722
"373","Megalobrama amblycephala","scale(Percent_of_forest_cover_1km)",-0.127234895366451,-0.697827574329301,0.432751344064412
"374","Megalobrama amblycephala","scale(TEMP)",0.596662979301105,-0.0868342956339096,1.35386883298913
"375","Megalobrama amblycephala","scale(annual_precipitation)",-0.0980358610418565,-0.817228724548559,0.577410714146855
"376","Megalobrama amblycephala","scale(river_width)",0.751332285541859,0.00312450478805618,1.78044797586565
"377","Megalobrama amblycephala","scale(water_velocity)",0.113840068288575,-0.305191775434416,0.518365786161987
"378","Devario browni","Reservoir_downstreamyes",0.744035366353578,-0.468844434382258,2.03015277321797
"379","Devario browni","riverOriginoutsideGLGS",-0.511459609275835,-1.47693877645503,0.305140097065576
"380","Devario browni","riverdy",1.95185303114382,0.773414329037655,3.34455057485102
"381","Devario browni","riverlc",1.18221239508583,0.28399133256972,2.07759817901543
"382","Devario browni","rivernu",0.715501887242814,-0.493484279589414,2.00780654957614
"383","Devario browni","scale(Edge_density_1km)",-0.0182987110275409,-0.522798096016382,0.438898165694732
"384","Devario browni","scale(Human_modification_1km)",0.579432799937995,-0.0981570335942527,1.27871704251027
"385","Devario browni","scale(Patch_density_1km)",-0.194354621562786,-0.666792538913787,0.260886781389891
"386","Devario browni","scale(Percent_of_forest_cover_1km)",0.235221741088792,-0.266536325633911,0.824534540950414
"387","Devario browni","scale(TEMP)",0.381869356329371,-0.232388321939803,1.01141570944262
"388","Devario browni","scale(annual_precipitation)",0.0910138831010851,-0.492259992404282,0.691093270695526
"389","Devario browni","scale(river_width)",-0.508325982192109,-1.34173784091949,0.204640795256111
"390","Devario browni","scale(water_velocity)",0.165560276325338,-0.213273331141071,0.542310468188187
"391","Micropterus salmoides","Reservoir_downstreamyes",-0.41160507782319,-2.3527247230053,1.19479373669147
"392","Micropterus salmoides","riverOriginoutsideGLGS",-0.47405585245525,-1.60178325499861,0.490534374558869
"393","Micropterus salmoides","riverdy",0.76645966822801,-1.01758652510787,2.22456638107337
"394","Micropterus salmoides","riverlc",1.20649455583169,0.208571352345357,2.21629766900384
"395","Micropterus salmoides","rivernu",0.209524869366438,-1.32079866699302,1.84331117560663
"396","Micropterus salmoides","scale(Edge_density_1km)",0.115116014035807,-0.423008345415835,0.627218768769902
"397","Micropterus salmoides","scale(Human_modification_1km)",0.69650800018606,-0.121337707609761,1.59733178241879
"398","Micropterus salmoides","scale(Patch_density_1km)",-0.0160847332154537,-0.572713769403841,0.50871737435962
"399","Micropterus salmoides","scale(Percent_of_forest_cover_1km)",-0.126199137399385,-0.840719979240999,0.534432243223972
"400","Micropterus salmoides","scale(TEMP)",0.338703760953282,-0.412520094130295,1.13562413048204
"401","Micropterus salmoides","scale(annual_precipitation)",-0.0551836777537639,-0.858164698183286,0.702457833553431
"402","Micropterus salmoides","scale(river_width)",-0.145073781294077,-1.15044944972191,0.63258479439497
"403","Micropterus salmoides","scale(water_velocity)",0.143498590610123,-0.283006255027949,0.598749651267226
"404","Luciobarbus brachycephalus","Reservoir_downstreamyes",-0.833297105130027,-1.96295805875928,0.266816538653189
"405","Luciobarbus brachycephalus","riverOriginoutsideGLGS",-0.471266432642657,-1.22900241551854,0.224032078133732
"406","Luciobarbus brachycephalus","riverdy",0.713604063615851,-0.399377359898978,1.74546347329901
"407","Luciobarbus brachycephalus","riverlc",1.35481103098675,0.509375386251808,2.37493390937239
"408","Luciobarbus brachycephalus","rivernu",-0.698836118665564,-1.89154038091429,0.429841138112342
"409","Luciobarbus brachycephalus","scale(Edge_density_1km)",0.128276609186563,-0.294018347552407,0.555749139909702
"410","Luciobarbus brachycephalus","scale(Human_modification_1km)",-0.193742656566525,-0.859820252795402,0.434734074240752
"411","Luciobarbus brachycephalus","scale(Patch_density_1km)",0.195378014560379,-0.220311491070138,0.629577783655808
"412","Luciobarbus brachycephalus","scale(Percent_of_forest_cover_1km)",-0.0471771904378393,-0.530823715198459,0.443931583162873
"413","Luciobarbus brachycephalus","scale(TEMP)",-0.400528817633344,-1.0609461248712,0.184335024262538
"414","Luciobarbus brachycephalus","scale(annual_precipitation)",-0.0140420950847205,-0.5086945819705,0.467153872640329
"415","Luciobarbus brachycephalus","scale(river_width)",0.67890123917426,-0.0964715789438552,2.13012504195995
"416","Luciobarbus brachycephalus","scale(water_velocity)",0.116369510931356,-0.251878417126527,0.482555630364364
"417","Placocheilus dulongensis","Reservoir_downstreamyes",0.0401476930116972,-1.56416760517601,1.64567898573047
"418","Placocheilus dulongensis","riverOriginoutsideGLGS",-0.41758092293892,-1.46742092188031,0.569216299619175
"419","Placocheilus dulongensis","riverdy",0.27759481329441,-1.47750653075065,1.66398456147911
"420","Placocheilus dulongensis","riverlc",1.34478421653974,0.455619972256755,2.34357130638895
"421","Placocheilus dulongensis","rivernu",-0.301969201031242,-2.12428394232749,1.20183854997195
"422","Placocheilus dulongensis","scale(Edge_density_1km)",0.132260875560453,-0.375849781967306,0.652420881241498
"423","Placocheilus dulongensis","scale(Human_modification_1km)",0.24029556943138,-0.568591998361334,0.997861152540138
"424","Placocheilus dulongensis","scale(Patch_density_1km)",0.0197820824024113,-0.556725714463993,0.536600796092929
"425","Placocheilus dulongensis","scale(Percent_of_forest_cover_1km)",0.0925679265540333,-0.545444784639389,0.728058966517067
"426","Placocheilus dulongensis","scale(TEMP)",0.19475289727476,-0.568655616955174,0.943719181753118
"427","Placocheilus dulongensis","scale(annual_precipitation)",0.211505873326095,-0.525642735752385,1.05720535012897
"428","Placocheilus dulongensis","scale(river_width)",0.858452393483885,0.254626537732471,1.61753137543234
"429","Placocheilus dulongensis","scale(water_velocity)",0.115126740803712,-0.306735790407539,0.534615726648617
"430","Carassius cuvieri","Reservoir_downstreamyes",1.14642516045695,-0.412744151819259,2.92291386871861
"431","Carassius cuvieri","riverOriginoutsideGLGS",-0.107536331037433,-0.983755790818312,0.868227550528277
"432","Carassius cuvieri","riverdy",1.19869308775087,-0.17958509109157,2.56770217581449
"433","Carassius cuvieri","riverlc",1.29413887591296,0.317688008825421,2.32605992362459
"434","Carassius cuvieri","rivernu",0.0847585563689036,-1.30623824196807,1.42520916784903
"435","Carassius cuvieri","scale(Edge_density_1km)",0.111024246013265,-0.380602821542708,0.612745380158759
"436","Carassius cuvieri","scale(Human_modification_1km)",0.65040132505716,-0.148283791727192,1.50151246565919
"437","Carassius cuvieri","scale(Patch_density_1km)",-0.10700526146707,-0.615495373608443,0.397883871843906
"438","Carassius cuvieri","scale(Percent_of_forest_cover_1km)",-0.194085758046307,-0.877264681907416,0.400911529030325
"439","Carassius cuvieri","scale(TEMP)",0.520916743523474,-0.118746484501634,1.26552380684393
"440","Carassius cuvieri","scale(annual_precipitation)",0.105301774961412,-0.462328773625903,0.726241537139564
"441","Carassius cuvieri","scale(river_width)",0.501468603027057,-0.386183377283097,1.63339408892095
"442","Carassius cuvieri","scale(water_velocity)",0.26085335366754,-0.129358239371318,0.677673323694011
"443","Abbottina rivularis","Reservoir_downstreamyes",0.745704470326259,-0.627996673243586,2.42812151628813
"444","Abbottina rivularis","riverOriginoutsideGLGS",0.0625953024474094,-0.753487668179701,0.94908646692987
"445","Abbottina rivularis","riverdy",1.61483381305187,0.359073718503178,2.9156577804795
"446","Abbottina rivularis","riverlc",1.19879924208247,0.228872576344078,2.16959899265605
"447","Abbottina rivularis","rivernu",0.365457502009396,-0.828157069708672,1.60459778817467
"448","Abbottina rivularis","scale(Edge_density_1km)",-0.0686744126011393,-0.624612171538148,0.417264591901997
"449","Abbottina rivularis","scale(Human_modification_1km)",0.612051781371561,-0.0810573761232755,1.34493158496315
"450","Abbottina rivularis","scale(Patch_density_1km)",-0.186085323309914,-0.717396247828301,0.287137709213268
"451","Abbottina rivularis","scale(Percent_of_forest_cover_1km)",0.296676422355776,-0.260532349112794,0.885732742835703
"452","Abbottina rivularis","scale(TEMP)",0.318603796533445,-0.321380736697839,0.945499169997665
"453","Abbottina rivularis","scale(annual_precipitation)",-0.483261767449078,-1.16844157010652,0.0969364688977596
"454","Abbottina rivularis","scale(river_width)",0.214013236408032,-0.43321797603041,1.00767330148636
"455","Abbottina rivularis","scale(water_velocity)",0.136542590021048,-0.248493663863219,0.518999237076358
"456","Tor qiaojiensis","Reservoir_downstreamyes",0.844252312506558,-0.499904176831157,2.33720234616316
"457","Tor qiaojiensis","riverOriginoutsideGLGS",-0.360637010027022,-1.26703986247425,0.446993000217675
"458","Tor qiaojiensis","riverdy",1.65733794294261,0.374058872539876,3.08397063643789
"459","Tor qiaojiensis","riverlc",1.25618678019327,0.364050678213327,2.23679277900657
"460","Tor qiaojiensis","rivernu",0.399346032248337,-0.859267714074537,1.73583008269131
"461","Tor qiaojiensis","scale(Edge_density_1km)",0.0909791638011501,-0.421062378066768,0.568945128457304
"462","Tor qiaojiensis","scale(Human_modification_1km)",0.418643774432869,-0.263877474944925,1.09705676742195
"463","Tor qiaojiensis","scale(Patch_density_1km)",-0.0784977170271206,-0.564036735893236,0.361072380998643
"464","Tor qiaojiensis","scale(Percent_of_forest_cover_1km)",0.205276971507546,-0.337040348504169,0.821284577290398
"465","Tor qiaojiensis","scale(TEMP)",0.278687084491829,-0.315821481823276,0.899017065835113
"466","Tor qiaojiensis","scale(annual_precipitation)",0.44607816634672,-0.0896771395589935,1.05649537035953
"467","Tor qiaojiensis","scale(river_width)",0.9252894319284,0.00878240143249043,2.20684511621259
"468","Tor qiaojiensis","scale(water_velocity)",0.0625390288701892,-0.34102819149557,0.440543271687462
"469","Oreochromis niloticus","Reservoir_downstreamyes",-0.258549009271366,-1.31849203846876,0.758323339840551
"470","Oreochromis niloticus","riverOriginoutsideGLGS",-0.30712779547169,-1.08393635222659,0.479391669108131
"471","Oreochromis niloticus","riverdy",0.515193548410298,-0.724029699917342,1.7524509245645
"472","Oreochromis niloticus","riverlc",1.09742769328007,0.20298261663253,1.99520859089581
"473","Oreochromis niloticus","rivernu",0.347375642093038,-0.834327276350232,1.61450904920188
"474","Oreochromis niloticus","scale(Edge_density_1km)",0.257243552049663,-0.185983430908285,0.701148749955003
"475","Oreochromis niloticus","scale(Human_modification_1km)",0.688027252408961,0.0700642959046416,1.36262009721379
"476","Oreochromis niloticus","scale(Patch_density_1km)",-0.0426631011373781,-0.463919509034147,0.371574472608278
"477","Oreochromis niloticus","scale(Percent_of_forest_cover_1km)",-0.208269891728233,-0.688614513664303,0.279171810954126
"478","Oreochromis niloticus","scale(TEMP)",0.456692418276864,-0.132775601587774,1.08803921216958
"479","Oreochromis niloticus","scale(annual_precipitation)",0.160735336234201,-0.379135175139757,0.706741239273124
"480","Oreochromis niloticus","scale(river_width)",0.393675173204554,-0.206492650601287,1.15346697971498
"481","Oreochromis niloticus","scale(water_velocity)",0.0970696217837109,-0.258521091844458,0.436047787888383
"482","Schizothorax lissolabiatus","Reservoir_downstreamyes",0.0062624506163168,-1.43059218990344,1.44253647010542
"483","Schizothorax lissolabiatus","riverOriginoutsideGLGS",-0.441991074753105,-1.35665607157348,0.373392253683449
"484","Schizothorax lissolabiatus","riverdy",1.53043407018066,0.176026903342497,3.05728705688702
"485","Schizothorax lissolabiatus","riverlc",1.20850296004878,0.301177020574993,2.12746531228942
"486","Schizothorax lissolabiatus","rivernu",-0.315477445313953,-1.63680073070877,0.913911121856219
"487","Schizothorax lissolabiatus","scale(Edge_density_1km)",0.235669421150459,-0.246389706427129,0.758597808992975
"488","Schizothorax lissolabiatus","scale(Human_modification_1km)",0.123641413543704,-0.614479384861351,0.81370603463518
"489","Schizothorax lissolabiatus","scale(Patch_density_1km)",0.084441192982397,-0.408524116700539,0.631114407024777
"490","Schizothorax lissolabiatus","scale(Percent_of_forest_cover_1km)",0.117375095043886,-0.456187361280165,0.719088125544802
"491","Schizothorax lissolabiatus","scale(TEMP)",0.0537300378328054,-0.613586537561237,0.691623928885889
"492","Schizothorax lissolabiatus","scale(annual_precipitation)",-0.0856944982168954,-0.597366208801638,0.437141014299315
"493","Schizothorax lissolabiatus","scale(river_width)",0.714350916353884,-0.198988094662928,1.90085187199294
"494","Schizothorax lissolabiatus","scale(water_velocity)",0.066062631990986,-0.318244114175681,0.439900181691748
"495","Glyptothorax trilineatus","Reservoir_downstreamyes",-0.0623850988260103,-1.2312776355937,1.06163361442419
"496","Glyptothorax trilineatus","riverOriginoutsideGLGS",0.164202471418151,-0.621613498243104,1.1199123839409
"497","Glyptothorax trilineatus","riverdy",1.67974479342883,0.573554099041326,2.87981544534391
"498","Glyptothorax trilineatus","riverlc",1.10215079090395,0.145657299390458,1.95570349769241
"499","Glyptothorax trilineatus","rivernu",0.0980572470541159,-1.10331981290383,1.23286815101611
"500","Glyptothorax trilineatus","scale(Edge_density_1km)",-0.0643188990618412,-0.528068368944113,0.352746159441142
"501","Glyptothorax trilineatus","scale(Human_modification_1km)",0.190197276239999,-0.468233035900506,0.860743657659665
"502","Glyptothorax trilineatus","scale(Patch_density_1km)",-0.0872893986712554,-0.527300427632727,0.342869920547828
"503","Glyptothorax trilineatus","scale(Percent_of_forest_cover_1km)",0.311313121530366,-0.170961062299823,0.835880866167505
"504","Glyptothorax trilineatus","scale(TEMP)",0.418962042174814,-0.131406965133583,1.01858584505001
"505","Glyptothorax trilineatus","scale(annual_precipitation)",0.229923975276403,-0.282271552136895,0.754685591359646
"506","Glyptothorax trilineatus","scale(river_width)",0.75197651286195,-0.0562856050091146,1.78425752860306
"507","Glyptothorax trilineatus","scale(water_velocity)",0.0961109640110062,-0.254140685127903,0.470464355548377
"508","Schistura disparizona","Reservoir_downstreamyes",-0.413367130340049,-1.46336052696073,0.635909322218569
"509","Schistura disparizona","riverOriginoutsideGLGS",-0.133679211532319,-0.914320062165362,0.646893100292429
"510","Schistura disparizona","riverdy",1.55311564323789,0.494370324962493,2.66091525665859
"511","Schistura disparizona","riverlc",1.12179917086712,0.187218034481909,2.02561358249339
"512","Schistura disparizona","rivernu",1.32247557813345,0.164480339447225,2.66397885544645
"513","Schistura disparizona","scale(Edge_density_1km)",0.478692435479962,0.0406021581920788,0.995876110435795
"514","Schistura disparizona","scale(Human_modification_1km)",0.796756255686455,0.194899470403316,1.48521303473821
"515","Schistura disparizona","scale(Patch_density_1km)",0.0774304828783673,-0.334496229055321,0.542738903550267
"516","Schistura disparizona","scale(Percent_of_forest_cover_1km)",0.168067608656888,-0.31126161855343,0.673644736744868
"517","Schistura disparizona","scale(TEMP)",0.32028949108646,-0.256533006642971,0.877241939222763
"518","Schistura disparizona","scale(annual_precipitation)",0.0683928826992521,-0.480255087148228,0.611764939331472
"519","Schistura disparizona","scale(river_width)",-0.166833052222632,-0.733988411952109,0.399696189949393
"520","Schistura disparizona","scale(water_velocity)",0.171185780355668,-0.194852521480215,0.539450681837432
"521","Schistura polytaenia","Reservoir_downstreamyes",0.0929250835341317,-1.27523134775291,1.5619872427514
"522","Schistura polytaenia","riverOriginoutsideGLGS",-0.125198137263259,-1.01800298446165,0.777586252169181
"523","Schistura polytaenia","riverdy",2.15119380935026,0.863023944045155,3.64950778132474
"524","Schistura polytaenia","riverlc",1.35542235223183,0.438152097897681,2.41363687076271
"525","Schistura polytaenia","rivernu",0.14137081652056,-1.0568394059742,1.35272574061973
"526","Schistura polytaenia","scale(Edge_density_1km)",0.371203907456506,-0.106339239772704,0.926116552935372
"527","Schistura polytaenia","scale(Human_modification_1km)",0.800856955535593,0.115476805002323,1.57340957792691
"528","Schistura polytaenia","scale(Patch_density_1km)",0.190292563313347,-0.267642922094526,0.718718781378467
"529","Schistura polytaenia","scale(Percent_of_forest_cover_1km)",-0.0467663844176234,-0.646449733275282,0.494562377959103
"530","Schistura polytaenia","scale(TEMP)",0.553049573832439,-0.0765659445057534,1.24784557752848
"531","Schistura polytaenia","scale(annual_precipitation)",0.255600211556626,-0.266897455158661,0.802273389834284
"532","Schistura polytaenia","scale(river_width)",0.476832873303454,-0.394848882847467,1.46359274839783
"533","Schistura polytaenia","scale(water_velocity)",0.132735271167356,-0.241408092958976,0.515162287176769
"534","Mylopharyngodon piceus","Reservoir_downstreamyes",0.235129032618994,-1.01055599494716,1.43459655954577
"535","Mylopharyngodon piceus","riverOriginoutsideGLGS",-0.184046524717663,-1.06560420937902,0.692783565752714
"536","Mylopharyngodon piceus","riverdy",1.11009251062228,-0.257361657195645,2.47400056252596
"537","Mylopharyngodon piceus","riverlc",1.20982028800159,0.347514612091406,2.10815458273788
"538","Mylopharyngodon piceus","rivernu",0.268857453469331,-1.00586096182845,1.5359996890958
"539","Mylopharyngodon piceus","scale(Edge_density_1km)",0.329500724869392,-0.15559135250385,0.826136615430171
"540","Mylopharyngodon piceus","scale(Human_modification_1km)",0.557340017053996,-0.113092272034257,1.2602653091389
"541","Mylopharyngodon piceus","scale(Patch_density_1km)",-0.00144214318404926,-0.481949768855815,0.454052189118687
"542","Mylopharyngodon piceus","scale(Percent_of_forest_cover_1km)",-0.417354294739549,-1.02729854671985,0.14595149442664
"543","Mylopharyngodon piceus","scale(TEMP)",0.141161286309743,-0.53951108067505,0.803789205638388
"544","Mylopharyngodon piceus","scale(annual_precipitation)",-0.36875128092496,-1.0804781854371,0.284851681720816
"545","Mylopharyngodon piceus","scale(river_width)",0.671117316040199,-0.00783431643593973,1.61015205013871
"546","Mylopharyngodon piceus","scale(water_velocity)",0.0567225569500173,-0.362257491909498,0.444291675386805
"547","Rhinogobius brunneus","Reservoir_downstreamyes",2.09035427737465,0.830466454592139,3.56390425096132
"548","Rhinogobius brunneus","riverOriginoutsideGLGS",-0.0647036927321488,-0.871853054058856,0.79261792265797
"549","Rhinogobius brunneus","riverdy",1.2631446916282,0.0311599155887784,2.49103155564579
"550","Rhinogobius brunneus","riverlc",1.30548995208934,0.401434506340815,2.26964918350373
"551","Rhinogobius brunneus","rivernu",-0.318567952099629,-1.6708976889822,0.941160174534049
"552","Rhinogobius brunneus","scale(Edge_density_1km)",-0.0195762991694183,-0.547227664847133,0.412722357659468
"553","Rhinogobius brunneus","scale(Human_modification_1km)",0.708517555724709,0.033415573419589,1.39404951395047
"554","Rhinogobius brunneus","scale(Patch_density_1km)",0.0515625557540185,-0.393699844098818,0.500059043458786
"555","Rhinogobius brunneus","scale(Percent_of_forest_cover_1km)",-0.0846276749689118,-0.599595684372633,0.405614921991409
"556","Rhinogobius brunneus","scale(TEMP)",0.433015373664659,-0.147650074843002,1.03926568512846
"557","Rhinogobius brunneus","scale(annual_precipitation)",-0.0828814168031035,-0.670260120585925,0.493484039758212
"558","Rhinogobius brunneus","scale(river_width)",0.635150611088765,-0.160316607345191,1.84442845550215
"559","Rhinogobius brunneus","scale(water_velocity)",0.0971760568675701,-0.278485951685593,0.465865361748941
"560","Channa harcourtbutleri","Reservoir_downstreamyes",0.556464177573387,-0.603014532284791,1.81640569489228
"561","Channa harcourtbutleri","riverOriginoutsideGLGS",-0.240362731550248,-1.04132399469174,0.518644558913145
"562","Channa harcourtbutleri","riverdy",1.44132258410339,0.278643844958158,2.59623372744262
"563","Channa harcourtbutleri","riverlc",1.26167000531875,0.370951305825824,2.24245656637994
"564","Channa harcourtbutleri","rivernu",-0.445912400072617,-1.80129934035548,0.757239813226906
"565","Channa harcourtbutleri","scale(Edge_density_1km)",0.104835240540096,-0.372568791472581,0.56665980904277
"566","Channa harcourtbutleri","scale(Human_modification_1km)",0.782231064877249,0.126964666971789,1.54422369765588
"567","Channa harcourtbutleri","scale(Patch_density_1km)",-0.18753920759016,-0.683101217360098,0.260122242010001
"568","Channa harcourtbutleri","scale(Percent_of_forest_cover_1km)",-0.172406280943501,-0.705968900949657,0.354045034965093
"569","Channa harcourtbutleri","scale(TEMP)",0.682654285372574,0.0808378012404773,1.36695129067037
"570","Channa harcourtbutleri","scale(annual_precipitation)",0.380996477563782,-0.182163560225217,1.02390596050177
"571","Channa harcourtbutleri","scale(river_width)",0.793850000335791,0.000524812557943793,1.83466492684918
"572","Channa harcourtbutleri","scale(water_velocity)",0.206403649348259,-0.147014559551696,0.576182261670244
"573","Rhodeus ocellatus","Reservoir_downstreamyes",0.794676474808248,-0.44709773421152,2.15584631096968
"574","Rhodeus ocellatus","riverOriginoutsideGLGS",0.24142307118204,-0.580271518266081,1.24637811545388
"575","Rhodeus ocellatus","riverdy",1.52412879262904,0.298537862523298,2.8504495233096
"576","Rhodeus ocellatus","riverlc",1.45028393341624,0.578364046031617,2.59157702522203
"577","Rhodeus ocellatus","rivernu",-0.291614102759678,-1.6245473292759,0.988359712897915
"578","Rhodeus ocellatus","scale(Edge_density_1km)",0.0232229579900788,-0.463831351894183,0.49727267543651
"579","Rhodeus ocellatus","scale(Human_modification_1km)",0.682812907564921,0.00941123762978094,1.40094083672075
"580","Rhodeus ocellatus","scale(Patch_density_1km)",-0.000811221806917896,-0.464322485804178,0.476490500630421
"581","Rhodeus ocellatus","scale(Percent_of_forest_cover_1km)",-0.106293274984098,-0.656034453748213,0.414731062235605
"582","Rhodeus ocellatus","scale(TEMP)",0.123800089085278,-0.541787621765036,0.741014179296638
"583","Rhodeus ocellatus","scale(annual_precipitation)",-0.0261434815692387,-0.606727839210542,0.588851105962252
"584","Rhodeus ocellatus","scale(river_width)",0.280793276327828,-0.441033041167852,1.33151288780722
"585","Rhodeus ocellatus","scale(water_velocity)",0.0313643982896307,-0.377575238051726,0.370323244550468
"586","Barilius barila","Reservoir_downstreamyes",0.677016960237254,-0.630020618018181,2.1419096003601
"587","Barilius barila","riverOriginoutsideGLGS",-0.225829877984519,-1.18651478054514,0.703708044481248
"588","Barilius barila","riverdy",2.13379981783341,0.856935640569902,3.63456519755122
"589","Barilius barila","riverlc",1.25722926064447,0.323170634275784,2.25502528640616
"590","Barilius barila","rivernu",-0.142471993250512,-1.43621880642414,1.12071700225565
"591","Barilius barila","scale(Edge_density_1km)",0.107613129453801,-0.371151789026457,0.600189840550046
"592","Barilius barila","scale(Human_modification_1km)",0.830037056231135,0.13257488134572,1.62383185942748
"593","Barilius barila","scale(Patch_density_1km)",-0.103541170252058,-0.579387146569373,0.366301080643251
"594","Barilius barila","scale(Percent_of_forest_cover_1km)",0.0323308429687453,-0.512650380513512,0.593388279198722
"595","Barilius barila","scale(TEMP)",0.278700340352666,-0.349099905372284,0.922395937160089
"596","Barilius barila","scale(annual_precipitation)",-0.156925225756895,-0.800853929727025,0.41458352448656
"597","Barilius barila","scale(river_width)",0.176919205352614,-0.528519414883921,1.06295541109217
"598","Barilius barila","scale(water_velocity)",0.0996587393822546,-0.320565371906876,0.496388565279808
"599","Exostoma gaoligongense","Reservoir_downstreamyes",-0.792197759454738,-2.5311331083522,0.718878712856916
"600","Exostoma gaoligongense","riverOriginoutsideGLGS",-0.817431392004557,-2.04202064246813,0.112912113467812
"601","Exostoma gaoligongense","riverdy",0.641140622948867,-1.11963465367263,2.10436248898677
"602","Exostoma gaoligongense","riverlc",1.01416753552647,-0.171107743143571,1.93655570774692
"603","Exostoma gaoligongense","rivernu",1.12115673932172,-0.258907046818617,2.81749322822046
"604","Exostoma gaoligongense","scale(Edge_density_1km)",0.239923106559663,-0.248153091639619,0.750138147636042
"605","Exostoma gaoligongense","scale(Human_modification_1km)",0.694389761566424,-0.0631089388921366,1.5059018507887
"606","Exostoma gaoligongense","scale(Patch_density_1km)",0.40018162945263,-0.103830267112165,0.987362892567093
"607","Exostoma gaoligongense","scale(Percent_of_forest_cover_1km)",-0.142918802988851,-0.731636010862002,0.422582317222442
"608","Exostoma gaoligongense","scale(TEMP)",0.288285517822666,-0.429262131777318,0.989485439093176
"609","Exostoma gaoligongense","scale(annual_precipitation)",-0.398054978014355,-1.193095340901,0.343102214803642
"610","Exostoma gaoligongense","scale(river_width)",-0.233349175477676,-1.24889270863329,0.521921183872279
"611","Exostoma gaoligongense","scale(water_velocity)",0.0427298486363718,-0.366395534781378,0.455352598814996
"612","Exostoma dulongensis","Reservoir_downstreamyes",-0.13818939455912,-1.47330599694447,1.12445791247742
"613","Exostoma dulongensis","riverOriginoutsideGLGS",0.0688389910583119,-0.726747140943731,0.958262994450105
"614","Exostoma dulongensis","riverdy",1.21903835789822,-0.0111810372019257,2.4197962608766
"615","Exostoma dulongensis","riverlc",1.11862795898506,0.154295508069151,2.07085077174022
"616","Exostoma dulongensis","rivernu",0.0204931305354556,-1.12900574471841,1.20377465923519
"617","Exostoma dulongensis","scale(Edge_density_1km)",-0.000460436274394172,-0.493298485416716,0.476313643819695
"618","Exostoma dulongensis","scale(Human_modification_1km)",-0.478591112628621,-1.29651107492194,0.245287834115688
"619","Exostoma dulongensis","scale(Patch_density_1km)",-0.298752179582359,-0.822334843821846,0.131061304341019
"620","Exostoma dulongensis","scale(Percent_of_forest_cover_1km)",0.448363119171967,-0.127763601914946,1.06354231095391
"621","Exostoma dulongensis","scale(TEMP)",0.156919307093439,-0.495201274895731,0.751586253770904
"622","Exostoma dulongensis","scale(annual_precipitation)",0.680464570318911,0.167231454753979,1.30032466799301
"623","Exostoma dulongensis","scale(river_width)",-0.138207301103277,-0.825113463203433,0.494295744943813
"624","Exostoma dulongensis","scale(water_velocity)",0.101139597592763,-0.247576213855682,0.489766039832258
"625","Tilapia zillii","Reservoir_downstreamyes",0.0200937133981207,-1.25680813010125,1.28658550317908
"626","Tilapia zillii","riverOriginoutsideGLGS",-0.558433273364445,-1.60405537389018,0.314928362297288
"627","Tilapia zillii","riverdy",1.12111709434431,-0.169827993453887,2.31654112502436
"628","Tilapia zillii","riverlc",1.0900929128691,0.127208830161645,1.95882717653907
"629","Tilapia zillii","rivernu",0.376053940751706,-0.955441258998529,1.71277921743798
"630","Tilapia zillii","scale(Edge_density_1km)",0.138870989441853,-0.31896253114427,0.591235287276767
"631","Tilapia zillii","scale(Human_modification_1km)",0.63193652527809,-0.0638576291941712,1.32303243784678
"632","Tilapia zillii","scale(Patch_density_1km)",-0.173958091102321,-0.644056289844326,0.262061264182294
"633","Tilapia zillii","scale(Percent_of_forest_cover_1km)",-0.0550188565035367,-0.600619729190432,0.481812586648189
"634","Tilapia zillii","scale(TEMP)",0.236327667144867,-0.401000539029339,0.898357632237841
"635","Tilapia zillii","scale(annual_precipitation)",0.158518931982018,-0.51446388438691,0.882347993359766
"636","Tilapia zillii","scale(river_width)",0.786449275801639,0.0672312773451212,1.8278758580126
"637","Tilapia zillii","scale(water_velocity)",0.27676905881956,-0.11553476386695,0.729654366663037
"638","Oncorhynchus mykiss","Reservoir_downstreamyes",0.168498274076966,-1.17588464868476,1.64135296262098
"639","Oncorhynchus mykiss","riverOriginoutsideGLGS",-0.100381219079506,-0.899208926407536,0.739777213569257
"640","Oncorhynchus mykiss","riverdy",0.888962904149206,-0.534935977453812,2.19494246947247
"641","Oncorhynchus mykiss","riverlc",1.01161765342559,-0.100538141505755,1.93425962762604
"642","Oncorhynchus mykiss","rivernu",0.976734747487762,-0.330527676924347,2.40370025929968
"643","Oncorhynchus mykiss","scale(Edge_density_1km)",0.148166047232334,-0.341732760303213,0.641583956570405
"644","Oncorhynchus mykiss","scale(Human_modification_1km)",0.339481790941783,-0.382661967977849,1.1625610182244
"645","Oncorhynchus mykiss","scale(Patch_density_1km)",0.182753733465646,-0.284493930750757,0.675293977807198
"646","Oncorhynchus mykiss","scale(Percent_of_forest_cover_1km)",-0.111395689138223,-0.679341876027045,0.409937457415416
"647","Oncorhynchus mykiss","scale(TEMP)",0.304612581549671,-0.346993279194313,0.972594672115677
"648","Oncorhynchus mykiss","scale(annual_precipitation)",-0.0185937936902897,-0.647239652494016,0.598826399988958
"649","Oncorhynchus mykiss","scale(river_width)",0.425429448103584,-0.430458382027835,1.59831085266401
"650","Oncorhynchus mykiss","scale(water_velocity)",0.145463387881361,-0.235133761895938,0.523677462432535
"651","Gambusia affinis","Reservoir_downstreamyes",-0.227767781882671,-1.51068815178429,0.981467894056449
"652","Gambusia affinis","riverOriginoutsideGLGS",-0.129984970589411,-1.0602884701492,0.766579788804265
"653","Gambusia affinis","riverdy",1.640301002969,0.417832297211064,3.01661747023213
"654","Gambusia affinis","riverlc",1.44194358823845,0.546411573604375,2.53288323381297
"655","Gambusia affinis","rivernu",-0.543262036572361,-1.99258151289693,0.836910240877336
"656","Gambusia affinis","scale(Edge_density_1km)",-0.00576464055526036,-0.513900003177289,0.47381228394597
"657","Gambusia affinis","scale(Human_modification_1km)",0.630134536466065,-0.0292520047684193,1.38263830484449
"658","Gambusia affinis","scale(Patch_density_1km)",-0.180354285923713,-0.654886528901006,0.276829208169193
"659","Gambusia affinis","scale(Percent_of_forest_cover_1km)",-0.270207864197788,-0.881561261413967,0.247821508426926
"660","Gambusia affinis","scale(TEMP)",0.398526922696495,-0.241710771712278,1.04694149493141
"661","Gambusia affinis","scale(annual_precipitation)",-0.124934610908025,-0.759884049458711,0.489194202882056
"662","Gambusia affinis","scale(river_width)",1.00628060791002,0.160482460624367,2.16439271483863
"663","Gambusia affinis","scale(water_velocity)",0.165062490879949,-0.2061456158532,0.560568939103645
"664","Hypophthalmichthys molitrix","Reservoir_downstreamyes",0.0640438328000251,-1.13276329811941,1.30660859066018
"665","Hypophthalmichthys molitrix","riverOriginoutsideGLGS",0.158187296946111,-0.58423885026407,1.01873901008304
"666","Hypophthalmichthys molitrix","riverdy",1.06032995828821,-0.204345218192423,2.32307122299196
"667","Hypophthalmichthys molitrix","riverlc",1.32149078806072,0.437969599700815,2.35067827747896
"668","Hypophthalmichthys molitrix","rivernu",0.473891332264953,-0.760713731728208,1.82490473715088
"669","Hypophthalmichthys molitrix","scale(Edge_density_1km)",0.183324517162562,-0.272545579526558,0.68619465170654
"670","Hypophthalmichthys molitrix","scale(Human_modification_1km)",0.692944332876705,-0.0193927460137559,1.43638990327702
"671","Hypophthalmichthys molitrix","scale(Patch_density_1km)",0.0995146126069677,-0.34976607339739,0.633050125415659
"672","Hypophthalmichthys molitrix","scale(Percent_of_forest_cover_1km)",-0.224482771225376,-0.834417872396576,0.317530412288723
"673","Hypophthalmichthys molitrix","scale(TEMP)",0.336938391375885,-0.294997380416715,0.952745687681112
"674","Hypophthalmichthys molitrix","scale(annual_precipitation)",-0.569244566421873,-1.20866828351313,-0.0139906082343824
"675","Hypophthalmichthys molitrix","scale(river_width)",0.669951168528545,-0.17552310986997,1.65944388633572
"676","Hypophthalmichthys molitrix","scale(water_velocity)",-0.00803668970675294,-0.392503239734243,0.372485566018198
"677","Devario apogon","Reservoir_downstreamyes",1.21054733265717,-0.0825220552049364,2.70640934084931
"678","Devario apogon","riverOriginoutsideGLGS",-0.1029543735963,-0.878278454913458,0.707806666690396
"679","Devario apogon","riverdy",2.56497758891638,1.36548706870706,4.02262657502727
"680","Devario apogon","riverlc",1.14043741288708,0.122230760330321,2.10679678897253
"681","Devario apogon","rivernu",0.323474451167334,-0.781752833386678,1.51059611937972
"682","Devario apogon","scale(Edge_density_1km)",0.174707345042651,-0.26194643776675,0.621470587333354
"683","Devario apogon","scale(Human_modification_1km)",0.207900449065445,-0.476648158001667,0.900297046820447
"684","Devario apogon","scale(Patch_density_1km)",-0.113299005934828,-0.557050295657114,0.333914329236954
"685","Devario apogon","scale(Percent_of_forest_cover_1km)",-0.0684853171051886,-0.624773485758197,0.450734565603528
"686","Devario apogon","scale(TEMP)",0.543436764563496,-0.0373814141180744,1.16162998965061
"687","Devario apogon","scale(annual_precipitation)",-0.23819394893457,-0.748479380016651,0.24246581332635
"688","Devario apogon","scale(river_width)",-0.202096451908155,-0.719350330872825,0.332448052239032
"689","Devario apogon","scale(water_velocity)",0.05740732539791,-0.33051652165875,0.421109620947954
"690","Acipenser sinensis","Reservoir_downstreamyes",0.028738618696575,-1.26921014960618,1.42530330029602
"691","Acipenser sinensis","riverOriginoutsideGLGS",-0.271596570029878,-1.15980133146283,0.536104119693095
"692","Acipenser sinensis","riverdy",1.29570236346122,-0.005246274385068,2.5662883351156
"693","Acipenser sinensis","riverlc",0.994207147093255,-0.0810513632246159,1.90877860748196
"694","Acipenser sinensis","rivernu",0.639544646956436,-0.580391473109418,1.99188860309758
"695","Acipenser sinensis","scale(Edge_density_1km)",0.0909917624537602,-0.414618448705173,0.565055689705298
"696","Acipenser sinensis","scale(Human_modification_1km)",0.300599957646065,-0.346574955742048,0.970086643763628
"697","Acipenser sinensis","scale(Patch_density_1km)",0.188421730365306,-0.264176405709566,0.656188316246476
"698","Acipenser sinensis","scale(Percent_of_forest_cover_1km)",-0.0611171101624114,-0.631728836567102,0.489669191339882
"699","Acipenser sinensis","scale(TEMP)",0.175269396025747,-0.458476129536832,0.844053786551526
"700","Acipenser sinensis","scale(annual_precipitation)",0.0205150322290152,-0.590146075278134,0.612212900488357
"701","Acipenser sinensis","scale(river_width)",-0.0189881857744287,-0.831232917197038,1.20952912435158
"702","Acipenser sinensis","scale(water_velocity)",0.063320995648449,-0.326011397643333,0.428160906122828
"703","Pseudorasbora parva","Reservoir_downstreamyes",1.09292764951307,-0.38876346007635,2.80744418282247
"704","Pseudorasbora parva","riverOriginoutsideGLGS",-0.280286628851539,-1.16039137389772,0.572678784582489
"705","Pseudorasbora parva","riverdy",2.06520575359565,0.823711230105787,3.52598160395967
"706","Pseudorasbora parva","riverlc",1.25140367856864,0.260390034004671,2.27276968375412
"707","Pseudorasbora parva","rivernu",0.137115392863227,-1.10443458808809,1.38597160209467
"708","Pseudorasbora parva","scale(Edge_density_1km)",0.0645328593662617,-0.417004750298389,0.538334835549112
"709","Pseudorasbora parva","scale(Human_modification_1km)",0.696082369407722,-0.0333304820922497,1.4799859529387
"710","Pseudorasbora parva","scale(Patch_density_1km)",-0.0551416330541053,-0.548756593654228,0.427831177245307
"711","Pseudorasbora parva","scale(Percent_of_forest_cover_1km)",-0.108799936836829,-0.702750130441488,0.490574809136966
"712","Pseudorasbora parva","scale(TEMP)",0.575291284564069,-0.057659828754739,1.26480913260657
"713","Pseudorasbora parva","scale(annual_precipitation)",-0.0860268288688778,-0.686155583242248,0.492165377316282
"714","Pseudorasbora parva","scale(river_width)",0.544815208008113,-0.319146318293718,1.66050695492635
"715","Pseudorasbora parva","scale(water_velocity)",0.134909395120855,-0.223957246460562,0.51091167540648
"716","Paracanthocobitis mandalayensis","Reservoir_downstreamyes",-0.389690374735768,-1.95787240360129,1.06809528714774
"717","Paracanthocobitis mandalayensis","riverOriginoutsideGLGS",-0.644233455487219,-1.80094387957759,0.273340020208491
"718","Paracanthocobitis mandalayensis","riverdy",2.20760193229949,0.871080671018742,3.80697804241783
"719","Paracanthocobitis mandalayensis","riverlc",1.09144832924215,0.042700407075297,2.00576193077783
"720","Paracanthocobitis mandalayensis","rivernu",-0.401749244137785,-2.08003756660002,1.03851739382097
"721","Paracanthocobitis mandalayensis","scale(Edge_density_1km)",-0.000126983530206767,-0.535767582601012,0.505027807365323
"722","Paracanthocobitis mandalayensis","scale(Human_modification_1km)",0.2810786259285,-0.535020753709721,1.0237694302666
"723","Paracanthocobitis mandalayensis","scale(Patch_density_1km)",-0.222849283120327,-0.763451138867075,0.251912845230704
"724","Paracanthocobitis mandalayensis","scale(Percent_of_forest_cover_1km)",0.121285521656756,-0.436526540932579,0.722237549545566
"725","Paracanthocobitis mandalayensis","scale(TEMP)",0.465753904170934,-0.207131647885098,1.20757611786738
"726","Paracanthocobitis mandalayensis","scale(annual_precipitation)",0.274618275523537,-0.408270006879197,1.06303410410852
"727","Paracanthocobitis mandalayensis","scale(river_width)",-0.093834269777573,-1.03393785894558,0.678979538188186
"728","Paracanthocobitis mandalayensis","scale(water_velocity)",0.12374965527506,-0.275509944624893,0.524204119126201
"729","Pseudecheneis gracilis","Reservoir_downstreamyes",0.960458625683505,-0.241926973257146,2.22208892526041
"730","Pseudecheneis gracilis","riverOriginoutsideGLGS",-0.513024930115475,-1.52199455714714,0.343793771374724
"731","Pseudecheneis gracilis","riverdy",1.6336463778457,0.492980980664395,2.8297141968074
"732","Pseudecheneis gracilis","riverlc",1.36940295161532,0.501816196023353,2.39813647878713
"733","Pseudecheneis gracilis","rivernu",-0.680168551927973,-2.15256618328337,0.590885119387273
"734","Pseudecheneis gracilis","scale(Edge_density_1km)",0.0314182040387464,-0.431598337027556,0.462215398400039
"735","Pseudecheneis gracilis","scale(Human_modification_1km)",0.226280624814408,-0.41991143165853,0.904724571447547
"736","Pseudecheneis gracilis","scale(Patch_density_1km)",-0.249143606102157,-0.712085378521136,0.198150308187692
"737","Pseudecheneis gracilis","scale(Percent_of_forest_cover_1km)",0.247613305062616,-0.276649929547161,0.82324442223649
"738","Pseudecheneis gracilis","scale(TEMP)",0.375836225521632,-0.237658552608544,1.01514398468051
"739","Pseudecheneis gracilis","scale(annual_precipitation)",0.489421143025628,-0.101556988275372,1.13075710352222
"740","Pseudecheneis gracilis","scale(river_width)",-0.573952094095272,-1.42907419700556,0.0997014067250547
"741","Pseudecheneis gracilis","scale(water_velocity)",0.138451396916654,-0.221490367506165,0.526115117424106
"742","Monopterus albus","Reservoir_downstreamyes",-0.722204481982658,-2.64337776198638,0.918093025793366
"743","Monopterus albus","riverOriginoutsideGLGS",-0.355796390338652,-1.43786302328567,0.585806551230121
"744","Monopterus albus","riverdy",0.820673368378538,-0.749330194046166,2.28598810219122
"745","Monopterus albus","riverlc",1.30016272410643,0.365999167839018,2.32352469898454
"746","Monopterus albus","rivernu",0.258592254420829,-1.24533784699275,1.82366844815096
"747","Monopterus albus","scale(Edge_density_1km)",0.233876400347708,-0.267862317680945,0.795063225641142
"748","Monopterus albus","scale(Human_modification_1km)",0.0897354901463026,-0.733417531441704,0.8374472089874
"749","Monopterus albus","scale(Patch_density_1km)",0.09733106876796,-0.39578506708855,0.642343797552387
"750","Monopterus albus","scale(Percent_of_forest_cover_1km)",-0.395251210460007,-1.13453309142737,0.21406050096475
"751","Monopterus albus","scale(TEMP)",-0.0146511111119184,-0.791447609722127,0.700408878441921
"752","Monopterus albus","scale(annual_precipitation)",-0.0641911868143453,-0.783723091020517,0.669444803277705
"753","Monopterus albus","scale(river_width)",0.321384474501184,-0.506967034881852,1.30053717456653
"754","Monopterus albus","scale(water_velocity)",0.0902734135331842,-0.337453397800149,0.498369432686258
"755","Paramisgurnus dabryanus","Reservoir_downstreamyes",1.69131120247611,0.317554231204036,3.38916085998624
"756","Paramisgurnus dabryanus","riverOriginoutsideGLGS",0.399433951073421,-0.404605222288784,1.48694073345093
"757","Paramisgurnus dabryanus","riverdy",1.81297750663186,0.579208122507636,3.22329767605859
"758","Paramisgurnus dabryanus","riverlc",1.27649891381137,0.315825988010402,2.22528617299485
"759","Paramisgurnus dabryanus","rivernu",-0.295572054999408,-1.58694626678717,0.956736442693672
"760","Paramisgurnus dabryanus","scale(Edge_density_1km)",0.0892696748358594,-0.395981374600714,0.55494512181566
"761","Paramisgurnus dabryanus","scale(Human_modification_1km)",0.544843681625429,-0.103496578562565,1.30171426648391
"762","Paramisgurnus dabryanus","scale(Patch_density_1km)",0.060297815940267,-0.403038027978315,0.545795881816164
"763","Paramisgurnus dabryanus","scale(Percent_of_forest_cover_1km)",-0.286250394430508,-0.881231193136271,0.244037907358066
"764","Paramisgurnus dabryanus","scale(TEMP)",0.439482337869543,-0.173701864418383,1.05744019312877
"765","Paramisgurnus dabryanus","scale(annual_precipitation)",-0.511560621414534,-1.16557863763759,0.096197628519316
"766","Paramisgurnus dabryanus","scale(river_width)",0.557623352654658,-0.266294926436319,1.77873632394787
"767","Paramisgurnus dabryanus","scale(water_velocity)",-0.00800559506284073,-0.401969323467561,0.34986112403338
"768","Gymnodiptychus integrigymnatus","Reservoir_downstreamyes",-1.18738919903036,-2.83575554307876,0.321047661467929
"769","Gymnodiptychus integrigymnatus","riverOriginoutsideGLGS",-0.312647446832326,-1.284950699959,0.602931327077613
"770","Gymnodiptychus integrigymnatus","riverdy",0.739661182603262,-0.752321038200563,2.02741672415764
"771","Gymnodiptychus integrigymnatus","riverlc",1.30159376765583,0.412331501325964,2.31685897051624
"772","Gymnodiptychus integrigymnatus","rivernu",0.413841305693833,-0.871387406018934,1.7747651801307
"773","Gymnodiptychus integrigymnatus","scale(Edge_density_1km)",0.252647845218407,-0.22608996024344,0.782847305101461
"774","Gymnodiptychus integrigymnatus","scale(Human_modification_1km)",0.306928337242665,-0.420059250042559,1.04649666762344
"775","Gymnodiptychus integrigymnatus","scale(Patch_density_1km)",0.0974017544018676,-0.384471647680944,0.610092883404482
"776","Gymnodiptychus integrigymnatus","scale(Percent_of_forest_cover_1km)",-0.0872034613061065,-0.675938401563375,0.47982194364614
"777","Gymnodiptychus integrigymnatus","scale(TEMP)",0.110008537397718,-0.578834200861564,0.795728417477373
"778","Gymnodiptychus integrigymnatus","scale(annual_precipitation)",-0.486283662064421,-1.25165489833991,0.20002793258096
"779","Gymnodiptychus integrigymnatus","scale(river_width)",-0.310598751241034,-1.26695315499736,0.357767835414693
"780","Gymnodiptychus integrigymnatus","scale(water_velocity)",0.0143314344936563,-0.406446745976913,0.401000616527034
"781","Pelteobagrus fulvidraco","Reservoir_downstreamyes",-0.631296637559911,-1.97666896204571,0.578918255707563
"782","Pelteobagrus fulvidraco","riverOriginoutsideGLGS",-0.450317168701269,-1.47856349041721,0.425407019337983
"783","Pelteobagrus fulvidraco","riverdy",0.988233747934477,-0.316352537788931,2.23229547571628
"784","Pelteobagrus fulvidraco","riverlc",1.36346973906026,0.4083442201025,2.39819837923693
"785","Pelteobagrus fulvidraco","rivernu",-0.443146880421362,-2.05468410734921,0.919883617222787
"786","Pelteobagrus fulvidraco","scale(Edge_density_1km)",0.0748565666582488,-0.39853274796877,0.531482323467146
"787","Pelteobagrus fulvidraco","scale(Human_modification_1km)",0.308007562002651,-0.400786825961466,0.996781460611448
"788","Pelteobagrus fulvidraco","scale(Patch_density_1km)",0.0172029832398502,-0.447392407022316,0.484863984413087
"789","Pelteobagrus fulvidraco","scale(Percent_of_forest_cover_1km)",-0.165450468727042,-0.744625776447464,0.356032960788055
"790","Pelteobagrus fulvidraco","scale(TEMP)",0.67474773464771,0.0481093071635535,1.36400779256708
"791","Pelteobagrus fulvidraco","scale(annual_precipitation)",0.0358946809986714,-0.629821918950003,0.726098398260011
"792","Pelteobagrus fulvidraco","scale(river_width)",0.727934135982458,0.000707347029819825,1.84865136965713
"793","Pelteobagrus fulvidraco","scale(water_velocity)",0.133497540250456,-0.257301309519559,0.547669672906203
"794","Micropercops swinhonis","Reservoir_downstreamyes",1.26939693061671,0.162530778799593,2.51932915965643
"795","Micropercops swinhonis","riverOriginoutsideGLGS",0.175868088389057,-0.624635940308367,1.06702534707341
"796","Micropercops swinhonis","riverdy",1.50650779887351,0.252931562758942,2.83249851099733
"797","Micropercops swinhonis","riverlc",1.22657505945321,0.404862799506822,2.14494346573912
"798","Micropercops swinhonis","rivernu",0.269995815137965,-1.01164107408203,1.56090125334253
"799","Micropercops swinhonis","scale(Edge_density_1km)",0.456872177896378,0.00128039711968566,1.00136849954895
"800","Micropercops swinhonis","scale(Human_modification_1km)",0.261919851762992,-0.377817554573733,0.912684750606425
"801","Micropercops swinhonis","scale(Patch_density_1km)",0.12243382514353,-0.315418745111653,0.575692331536591
"802","Micropercops swinhonis","scale(Percent_of_forest_cover_1km)",0.104751156070718,-0.380314259299266,0.622831596677623
"803","Micropercops swinhonis","scale(TEMP)",0.0524922158614373,-0.574748566976051,0.662095867358032
"804","Micropercops swinhonis","scale(annual_precipitation)",-0.461571604524719,-1.13498280439399,0.129077565603624
"805","Micropercops swinhonis","scale(river_width)",-0.14954976229073,-0.756319779935134,0.390291452084836
"806","Micropercops swinhonis","scale(water_velocity)",-0.056293069236786,-0.456360782079003,0.304901518738681
"807","Clarias gariepinus","Reservoir_downstreamyes",0.882560451164154,-0.362728364953766,2.22138451224246
"808","Clarias gariepinus","riverOriginoutsideGLGS",0.175879674738949,-0.676343441616931,1.16952782264679
"809","Clarias gariepinus","riverdy",1.63911025924309,0.396755411612939,2.96992170890184
"810","Clarias gariepinus","riverlc",1.15652810556998,0.230016135579247,2.04939560010615
"811","Clarias gariepinus","rivernu",-0.0287730286040721,-1.39635094207522,1.24135038809275
"812","Clarias gariepinus","scale(Edge_density_1km)",0.141248176699071,-0.333496071803494,0.626293302950705
"813","Clarias gariepinus","scale(Human_modification_1km)",0.400361379017451,-0.317629852134643,1.11510161676237
"814","Clarias gariepinus","scale(Patch_density_1km)",0.00748112593916476,-0.478062618366656,0.467550298131265
"815","Clarias gariepinus","scale(Percent_of_forest_cover_1km)",0.0569782797751554,-0.469164421185076,0.645756814309277
"816","Clarias gariepinus","scale(TEMP)",0.370097408847219,-0.276938637120634,1.05149022779127
"817","Clarias gariepinus","scale(annual_precipitation)",0.0444589299323393,-0.611038480566256,0.711917844829293
"818","Clarias gariepinus","scale(river_width)",0.807638172302029,0.0481682500590309,1.84393444238258
"819","Clarias gariepinus","scale(water_velocity)",0.0158098106470339,-0.416908814268013,0.374921834337851
"820","Glyptothorax longinema","Reservoir_downstreamyes",0.475272797676057,-0.855953684427953,1.79788844776714
"821","Glyptothorax longinema","riverOriginoutsideGLGS",-0.185032798356886,-1.09505829305962,0.752982499660035
"822","Glyptothorax longinema","riverdy",0.539303121751794,-0.88212240651928,1.83995948755151
"823","Glyptothorax longinema","riverlc",1.24709164953429,0.302010742454787,2.19986699867408
"824","Glyptothorax longinema","rivernu",-0.222878867267084,-1.66792670796324,1.13602933299631
"825","Glyptothorax longinema","scale(Edge_density_1km)",0.229940465336075,-0.242738870599498,0.757222393314821
"826","Glyptothorax longinema","scale(Human_modification_1km)",0.0645932594138476,-0.725307881992084,0.795447430664092
"827","Glyptothorax longinema","scale(Patch_density_1km)",-0.00213336082848483,-0.494880826123254,0.494555412807656
"828","Glyptothorax longinema","scale(Percent_of_forest_cover_1km)",0.195196003904402,-0.356793135950364,0.800649765228919
"829","Glyptothorax longinema","scale(TEMP)",0.123359405395231,-0.590866416405444,0.802553018268043
"830","Glyptothorax longinema","scale(annual_precipitation)",0.0538034287344866,-0.674912188567303,0.767209493466876
"831","Glyptothorax longinema","scale(river_width)",1.01915977209671,0.291102012903153,2.11982860819964
"832","Glyptothorax longinema","scale(water_velocity)",0.0320181111570068,-0.406501250929023,0.433242507843119
"833","Cyprinus carpio","Reservoir_downstreamyes",1.25868221038799,-0.117370754955883,3.03160578025879
"834","Cyprinus carpio","riverOriginoutsideGLGS",0.0404269551307053,-0.752299176762598,0.90546695011162
"835","Cyprinus carpio","riverdy",0.44227578845726,-0.902376663793308,1.77852504027387
"836","Cyprinus carpio","riverlc",1.28711676256466,0.388940395802692,2.27486854081521
"837","Cyprinus carpio","rivernu",-0.982663428852917,-2.27886747899722,0.229722475892408
"838","Cyprinus carpio","scale(Edge_density_1km)",-0.119534475672559,-0.626352689953587,0.341975843867664
"839","Cyprinus carpio","scale(Human_modification_1km)",0.440413085694872,-0.26099448506792,1.11023682428129
"840","Cyprinus carpio","scale(Patch_density_1km)",-0.00370736626915934,-0.482880448780418,0.434680360632185
"841","Cyprinus carpio","scale(Percent_of_forest_cover_1km)",-0.141209271923986,-0.741197936043417,0.395101022490661
"842","Cyprinus carpio","scale(TEMP)",0.242797251367999,-0.37156816859026,0.85364485042482
"843","Cyprinus carpio","scale(annual_precipitation)",0.0820795980097588,-0.394071099662121,0.55325224000154
"844","Cyprinus carpio","scale(river_width)",0.870170347675041,-0.113929929211558,2.13851646107319
"845","Cyprinus carpio","scale(water_velocity)",0.119782587653765,-0.223646218010609,0.492611996619668
"846","Tinca tinca","Reservoir_downstreamyes",0.921113116110748,-0.446421627970488,2.35978837872668
"847","Tinca tinca","riverOriginoutsideGLGS",-0.455523737483759,-1.45893499904389,0.481853102163691
"848","Tinca tinca","riverdy",0.684159411993888,-0.90605362663229,2.06863792576076
"849","Tinca tinca","riverlc",1.25711594799693,0.370708102002409,2.1314503368629
"850","Tinca tinca","rivernu",0.284460105928977,-1.13498924702288,1.73588478917865
"851","Tinca tinca","scale(Edge_density_1km)",0.138022860670671,-0.376448011753952,0.652223099700757
"852","Tinca tinca","scale(Human_modification_1km)",0.346358989909363,-0.463136123631022,1.14049286011703
"853","Tinca tinca","scale(Patch_density_1km)",0.00534304731171216,-0.506825481011312,0.531525446345848
"854","Tinca tinca","scale(Percent_of_forest_cover_1km)",0.00776699291219112,-0.58691506161376,0.625519791928438
"855","Tinca tinca","scale(TEMP)",0.244116122770796,-0.486629084316552,0.978235141056432
"856","Tinca tinca","scale(annual_precipitation)",-0.302808634888998,-1.06992417166454,0.383170211494048
"857","Tinca tinca","scale(river_width)",0.707438010780704,0.101463582520315,1.4790429598705
"858","Tinca tinca","scale(water_velocity)",0.0375261808665553,-0.398957237641729,0.43258972455911
"859","Rhinogobius cliffordpopei","Reservoir_downstreamyes",1.32660232570132,0.124583084279405,2.60033142261418
"860","Rhinogobius cliffordpopei","riverOriginoutsideGLGS",0.0943683944326842,-0.738663453911145,1.06425940921514
"861","Rhinogobius cliffordpopei","riverdy",1.31117854951001,0.0060746669819535,2.60917464614451
"862","Rhinogobius cliffordpopei","riverlc",1.38591633260982,0.48089176254919,2.3358226606215
"863","Rhinogobius cliffordpopei","rivernu",-0.341177639343548,-1.73362460971958,0.945871637808244
"864","Rhinogobius cliffordpopei","scale(Edge_density_1km)",0.152945963085059,-0.301876452425384,0.631662079170959
"865","Rhinogobius cliffordpopei","scale(Human_modification_1km)",0.683830360541608,0.0114525769914037,1.42562698180791
"866","Rhinogobius cliffordpopei","scale(Patch_density_1km)",-0.168832748394586,-0.664558267641032,0.31348809463145
"867","Rhinogobius cliffordpopei","scale(Percent_of_forest_cover_1km)",-0.098743284905852,-0.634381298747505,0.39987992410797
"868","Rhinogobius cliffordpopei","scale(TEMP)",0.463796617881489,-0.167808160249932,1.15064384061805
"869","Rhinogobius cliffordpopei","scale(annual_precipitation)",-0.140543411477663,-0.777557234898572,0.469859291866788
"870","Rhinogobius cliffordpopei","scale(river_width)",1.07776776702926,0.199729560194778,2.25982253283034
"871","Rhinogobius cliffordpopei","scale(water_velocity)",0.0886715341716009,-0.297727828445598,0.487316028752081
"872","Garra tengchongensis","Reservoir_downstreamyes",0.351640839368754,-1.37761649243389,1.96278308604685
"873","Garra tengchongensis","riverOriginoutsideGLGS",-0.296679294486027,-1.39366727574013,0.688225457533384
"874","Garra tengchongensis","riverdy",0.736898898428791,-0.977168942830001,2.24923022257494
"875","Garra tengchongensis","riverlc",1.3005702290414,0.342339655025737,2.30524858092722
"876","Garra tengchongensis","rivernu",-0.231305555629485,-1.93755246317366,1.34280303671549
"877","Garra tengchongensis","scale(Edge_density_1km)",0.124555568789553,-0.417693273670775,0.677530244406371
"878","Garra tengchongensis","scale(Human_modification_1km)",0.585912801389068,-0.268542646889729,1.45369176483576
"879","Garra tengchongensis","scale(Patch_density_1km)",0.0646175171799678,-0.460869252821988,0.619383945841174
"880","Garra tengchongensis","scale(Percent_of_forest_cover_1km)",0.0841272741392107,-0.56774735681969,0.770174516338166
"881","Garra tengchongensis","scale(TEMP)",0.189256796863678,-0.648312277395876,0.971541781542418
"882","Garra tengchongensis","scale(annual_precipitation)",-0.14171887507751,-1.01028850556339,0.66012322202091
"883","Garra tengchongensis","scale(river_width)",0.623992188948101,-0.0242519159982771,1.33736117688206
"884","Garra tengchongensis","scale(water_velocity)",0.109228424599002,-0.305251414764004,0.543826466760487
"885","Syncrossus berdmorei","Reservoir_downstreamyes",-0.329511705067905,-2.17347176616839,1.31636343942939
"886","Syncrossus berdmorei","riverOriginoutsideGLGS",-0.59544169993505,-1.82388283115323,0.398243415867103
"887","Syncrossus berdmorei","riverdy",1.48291871692325,0.0274514077289163,3.04495361732499
"888","Syncrossus berdmorei","riverlc",1.14069612691347,0.126362278664546,2.093397784466
"889","Syncrossus berdmorei","rivernu",-0.200436503693601,-1.91036474289456,1.3634043646909
"890","Syncrossus berdmorei","scale(Edge_density_1km)",0.124501587899577,-0.447502712689454,0.689888251159164
"891","Syncrossus berdmorei","scale(Human_modification_1km)",0.307355795674559,-0.565842095261566,1.09618474856033
"892","Syncrossus berdmorei","scale(Patch_density_1km)",-0.0998594304934469,-0.696546385635446,0.440886475485857
"893","Syncrossus berdmorei","scale(Percent_of_forest_cover_1km)",0.171901439216865,-0.434180690762998,0.890396324849654
"894","Syncrossus berdmorei","scale(TEMP)",0.438564258467399,-0.350048108047426,1.28384285176136
"895","Syncrossus berdmorei","scale(annual_precipitation)",0.223742409337623,-0.497259286521761,1.0714027192649
"896","Syncrossus berdmorei","scale(river_width)",-0.0561161994944274,-1.13169532860496,0.826547776928821
"897","Syncrossus berdmorei","scale(water_velocity)",0.117320996263464,-0.271491577003923,0.549871779950724
"898","Misgurnus anguillicaudatus","Reservoir_downstreamyes",1.3466672593213,0.0266441745992083,2.87968955391288
"899","Misgurnus anguillicaudatus","riverOriginoutsideGLGS",0.0522321684303831,-0.732644393256693,0.93914942210784
"900","Misgurnus anguillicaudatus","riverdy",1.75987567160562,0.567423833113053,3.09070328852848
"901","Misgurnus anguillicaudatus","riverlc",1.40466215213368,0.469504138007087,2.48482352843522
"902","Misgurnus anguillicaudatus","rivernu",-0.0888085258919141,-1.36966888317133,1.11548706385279
"903","Misgurnus anguillicaudatus","scale(Edge_density_1km)",0.10101532404337,-0.344005792442376,0.579190945453518
"904","Misgurnus anguillicaudatus","scale(Human_modification_1km)",0.591550927168546,-0.0603728612093977,1.32663021580911
"905","Misgurnus anguillicaudatus","scale(Patch_density_1km)",0.0483856282022745,-0.44326854376693,0.514107937580362
"906","Misgurnus anguillicaudatus","scale(Percent_of_forest_cover_1km)",-0.0383084622202726,-0.57643907919209,0.484925658091346
"907","Misgurnus anguillicaudatus","scale(TEMP)",0.425533900987225,-0.188310931202341,1.0591285796429
"908","Misgurnus anguillicaudatus","scale(annual_precipitation)",-0.345602865987116,-0.964094994415798,0.191766488405275
"909","Misgurnus anguillicaudatus","scale(river_width)",0.750929460132428,-0.102143646983238,1.87213772432805
"910","Misgurnus anguillicaudatus","scale(water_velocity)",0.0679025712741155,-0.302373671677328,0.412466340571056
"911","Pethia stoliczkana","Reservoir_downstreamyes",0.218262573226277,-1.08092768704098,1.54505572740362
"912","Pethia stoliczkana","riverOriginoutsideGLGS",-0.0600648966789657,-1.01216718742138,0.947197344640612
"913","Pethia stoliczkana","riverdy",1.2730947626387,-0.0163953107322843,2.57625368937578
"914","Pethia stoliczkana","riverlc",1.26218223160751,0.310532030052792,2.1896388844005
"915","Pethia stoliczkana","rivernu",-0.252064010815335,-1.65663622664887,1.03492884088194
"916","Pethia stoliczkana","scale(Edge_density_1km)",-0.117311471171494,-0.692369493212771,0.364902207566509
"917","Pethia stoliczkana","scale(Human_modification_1km)",0.543196005596749,-0.151338075982355,1.36062983316187
"918","Pethia stoliczkana","scale(Patch_density_1km)",-0.0346844265167708,-0.538076489729386,0.412963552528627
"919","Pethia stoliczkana","scale(Percent_of_forest_cover_1km)",-0.0713430184450492,-0.609606274191276,0.471944725049682
"920","Pethia stoliczkana","scale(TEMP)",0.644581277869826,-0.0284307487290658,1.46693798118154
"921","Pethia stoliczkana","scale(annual_precipitation)",-0.0819770409541312,-0.76262387540638,0.638921852622951
"922","Pethia stoliczkana","scale(river_width)",0.5459181265636,-0.0361487043382212,1.2496700481832
"923","Pethia stoliczkana","scale(water_velocity)",0.120441020210048,-0.311419251271565,0.567060804766737
